"release_group_id","tag_code","date","forklength","cwt_tt","TTind"
2275,501020101,"2000-03-17",57,10.5,86
2276,501011514,"2000-04-10",75,27.5,87
680,501021509,"2000-04-27",79,5.5,88
680,501021509,"2000-04-28",71,6.5,88
715,501021402,"2000-04-20",78,5.5,90
717,501021313,"2000-04-14",79,6.5,91
724,501021403,"2000-04-19",73,4.5,92
724,501021407,"2000-04-21",71,6.5,92
724,501021407,"2000-04-21",77,6.5,92
732,501021404,"2000-04-24",83,9.5,93
764,501021411,"2000-04-21",73,6.5,95
764,501021411,"2000-04-21",84,6.5,95
779,501021508,"2000-04-27",70,5.5,96
786,501021507,"2000-04-27",82,5.5,97
797,501021401,"2000-04-21",71,6.5,99
814,501021506,"2000-04-27",77,5.5,102
814,501021506,"2000-04-27",78,5.5,102
814,501021506,"2000-04-28",72,6.5,102
814,501021506,"2000-05-01",72,9.5,102
831,501021505,"2000-04-28",72,6.5,103
831,501021505,"2000-04-28",75,6.5,103
841,501021412,"2000-04-24",77,2.5,106
855,501021504,"2000-04-27",76,5.5,108
855,501021504,"2000-04-27",77,5.5,108
855,501021504,"2000-04-28",82,6.5,108
856,501021503,"2000-04-28",72,6.5,109
190,50573,"2001-05-05",72,7.5,113
190,50573,"2001-05-05",71,7.5,113
190,50573,"2001-05-05",70,7.5,113
190,50573,"2001-05-05",74,7.5,113
190,50573,"2001-05-09",79,11.5,113
190,50573,"2001-05-09",80,11.5,113
190,50573,"2001-05-09",75,11.5,113
190,50573,"2001-05-11",80,13.5,113
190,50573,"2001-05-11",90,13.5,113
190,50573,"2001-05-11",81,13.5,113
190,50573,"2001-05-11",82,13.5,113
190,50573,"2001-05-11",83,13.5,113
190,50573,"2001-05-11",73,13.5,113
190,50573,"2001-05-11",74,13.5,113
190,50573,"2001-05-11",68,13.5,113
190,50573,"2001-05-11",69,13.5,113
190,50573,"2001-05-11",70,13.5,113
190,50573,"2001-05-11",76,13.5,113
190,50573,"2001-05-11",77,13.5,113
190,50573,"2001-05-14",76,16.5,113
190,50573,"2001-05-14",74,16.5,113
190,50573,"2001-05-14",83,16.5,113
190,50573,"2001-05-18",86,20.5,113
191,50568,"2001-05-04",67,6.5,114
191,50568,"2001-05-04",70,6.5,114
191,501030608,"2001-05-04",67,6.5,114
191,501030608,"2001-05-04",71,6.5,114
191,50568,"2001-05-05",75,7.5,114
191,50568,"2001-05-05",72,7.5,114
191,501030608,"2001-05-05",75,7.5,114
191,501030608,"2001-05-05",79,7.5,114
191,501030608,"2001-05-05",72,7.5,114
191,501030608,"2001-05-05",73,7.5,114
191,50568,"2001-05-09",78,11.5,114
191,50568,"2001-05-09",71,11.5,114
191,50568,"2001-05-09",75,11.5,114
191,50568,"2001-05-11",79,13.5,114
191,50568,"2001-05-11",85,13.5,114
191,50568,"2001-05-11",84,13.5,114
191,50568,"2001-05-11",73,13.5,114
191,50568,"2001-05-11",74,13.5,114
191,50568,"2001-05-11",71,13.5,114
191,50568,"2001-05-11",75,13.5,114
191,501030608,"2001-05-11",79,13.5,114
191,501030608,"2001-05-11",73,13.5,114
191,501030608,"2001-05-11",74,13.5,114
191,501030608,"2001-05-11",71,13.5,114
191,501030608,"2001-05-11",75,13.5,114
191,501030608,"2001-05-11",76,13.5,114
191,50568,"2001-05-14",80,16.5,114
191,50568,"2001-05-14",79,16.5,114
191,50568,"2001-05-14",72,16.5,114
191,501030608,"2001-05-14",79,16.5,114
191,501030608,"2001-05-14",82,16.5,114
191,501030608,"2001-05-14",85,16.5,114
192,501030607,"2001-05-04",75,6.5,115
192,501030607,"2001-05-05",71,7.5,115
192,501030607,"2001-05-05",73,7.5,115
192,501030607,"2001-05-05",70,7.5,115
192,501030607,"2001-05-05",75,7.5,115
192,501030607,"2001-05-09",80,11.5,115
192,501030607,"2001-05-09",72,11.5,115
192,501030607,"2001-05-09",76,11.5,115
192,501030607,"2001-05-11",80,13.5,115
192,501030607,"2001-05-11",79,13.5,115
192,501030607,"2001-05-11",85,13.5,115
192,501030607,"2001-05-11",82,13.5,115
192,501030607,"2001-05-11",73,13.5,115
192,501030607,"2001-05-11",74,13.5,115
192,501030607,"2001-05-11",72,13.5,115
192,501030607,"2001-05-11",77,13.5,115
192,501030607,"2001-05-14",79,16.5,115
193,50498,"2001-04-20",71,6.5,116
193,50498,"2001-04-21",72,7.5,116
193,50498,"2001-04-21",74,7.5,116
193,50498,"2001-04-25",80,11.5,116
193,50498,"2001-04-25",82,11.5,116
193,50498,"2001-04-25",75,11.5,116
193,50498,"2001-04-25",76,11.5,116
193,50498,"2001-04-25",77,11.5,116
193,50498,"2001-05-05",86,21.5,116
193,50498,"2001-05-05",74,21.5,116
193,50498,"2001-05-11",93,27.5,116
194,501030601,"2001-04-20",67,6.5,117
194,501030509,"2001-04-21",77,7.5,117
194,501030601,"2001-04-21",78,7.5,117
194,501030601,"2001-04-21",75,7.5,117
194,501030509,"2001-04-25",83,11.5,117
194,501030601,"2001-04-25",80,11.5,117
194,501030601,"2001-04-25",73,11.5,117
194,501030601,"2001-04-25",78,11.5,117
194,501030601,"2001-04-25",76,11.5,117
194,501030601,"2001-05-04",85,20.5,117
194,501030601,"2001-05-05",81,21.5,117
194,501030601,"2001-05-05",90,21.5,117
194,501030601,"2001-05-11",92,27.5,117
194,501030509,"2001-05-14",88,30.5,117
195,50565,"2001-05-04",78,6.5,118
195,50565,"2001-05-04",80,6.5,118
195,50565,"2001-05-04",71,6.5,118
195,50565,"2001-05-04",76,6.5,118
195,50565,"2001-05-05",77,7.5,118
195,50565,"2001-05-05",76,7.5,118
195,50565,"2001-05-05",75,7.5,118
195,50565,"2001-05-09",83,11.5,118
195,50565,"2001-05-09",76,11.5,118
195,50565,"2001-05-09",69,11.5,118
195,50565,"2001-05-09",75,11.5,118
195,50565,"2001-05-11",78,13.5,118
195,50565,"2001-05-11",79,13.5,118
195,50565,"2001-05-11",73,13.5,118
195,50565,"2001-05-11",77,13.5,118
195,50565,"2001-05-11",75,13.5,118
195,50565,"2001-05-11",76,13.5,118
195,50565,"2001-05-14",81,16.5,118
195,50565,"2001-05-14",78,16.5,118
195,50565,"2001-05-14",75,16.5,118
196,50572,"2001-05-04",80,6.5,119
196,50572,"2001-05-04",81,6.5,119
196,50572,"2001-05-04",76,6.5,119
196,50572,"2001-05-04",70,6.5,119
196,50572,"2001-05-05",78,7.5,119
196,50572,"2001-05-05",73,7.5,119
196,50572,"2001-05-05",76,7.5,119
196,50572,"2001-05-05",75,7.5,119
196,50572,"2001-05-09",78,11.5,119
196,50572,"2001-05-11",78,13.5,119
196,50572,"2001-05-11",79,13.5,119
196,50572,"2001-05-11",85,13.5,119
196,50572,"2001-05-11",83,13.5,119
196,50572,"2001-05-11",77,13.5,119
196,50572,"2001-05-11",75,13.5,119
196,50572,"2001-05-14",80,16.5,119
196,50572,"2001-05-14",77,16.5,119
196,50572,"2001-05-14",82,16.5,119
197,50564,"2001-04-21",76,7.5,120
197,50564,"2001-04-21",77,7.5,120
197,50564,"2001-04-21",72,7.5,120
197,50564,"2001-04-21",74,7.5,120
197,50569,"2001-04-21",79,7.5,120
197,50569,"2001-04-21",81,7.5,120
197,50569,"2001-04-21",73,7.5,120
197,50564,"2001-04-25",79,11.5,120
197,50564,"2001-04-25",81,11.5,120
197,50564,"2001-04-25",75,11.5,120
197,50564,"2001-04-25",73,11.5,120
197,50564,"2001-04-25",78,11.5,120
197,50564,"2001-04-25",77,11.5,120
197,50564,"2001-04-25",76,11.5,120
197,50569,"2001-04-25",80,11.5,120
197,50569,"2001-04-25",79,11.5,120
197,50569,"2001-04-25",84,11.5,120
197,50569,"2001-04-25",75,11.5,120
197,50569,"2001-04-25",74,11.5,120
197,50569,"2001-04-25",72,11.5,120
197,50569,"2001-04-25",78,11.5,120
197,50569,"2001-04-25",76,11.5,120
197,50569,"2001-05-11",79,27.5,120
197,50564,"2001-05-14",91,30.5,120
198,501030606,"2001-05-05",77,7.5,121
198,501030606,"2001-05-05",79,7.5,121
198,501030606,"2001-05-05",73,7.5,121
198,501030606,"2001-05-05",70,7.5,121
198,501030606,"2001-05-09",78,11.5,121
198,501030606,"2001-05-09",80,11.5,121
198,501030606,"2001-05-09",77,11.5,121
198,501030606,"2001-05-09",74,11.5,121
198,501030606,"2001-05-11",80,13.5,121
198,501030606,"2001-05-11",79,13.5,121
198,501030606,"2001-05-11",81,13.5,121
198,501030606,"2001-05-11",76,13.5,121
198,501030606,"2001-05-11",77,13.5,121
198,501030606,"2001-05-14",78,16.5,121
198,501030606,"2001-05-14",77,16.5,121
199,50497,"2001-04-21",76,7.5,122
199,50497,"2001-04-21",77,7.5,122
199,50497,"2001-04-21",72,7.5,122
199,50497,"2001-04-25",80,11.5,122
199,50497,"2001-04-25",82,11.5,122
199,50497,"2001-04-25",81,11.5,122
199,50497,"2001-04-25",75,11.5,122
199,50497,"2001-04-25",73,11.5,122
199,50497,"2001-04-25",78,11.5,122
199,50497,"2001-04-25",77,11.5,122
199,50497,"2001-05-05",84,21.5,122
199,50497,"2001-05-14",81,30.5,122
199,50497,"2001-05-14",90,30.5,122
200,501030605,"2001-05-04",77,6.5,123
200,501030605,"2001-05-04",72,6.5,123
200,501030605,"2001-05-05",78,7.5,123
200,501030605,"2001-05-05",81,7.5,123
200,501030605,"2001-05-09",79,11.5,123
200,501030605,"2001-05-09",85,11.5,123
200,501030605,"2001-05-09",75,11.5,123
200,501030605,"2001-05-09",76,11.5,123
200,501030605,"2001-05-11",80,13.5,123
200,501030605,"2001-05-11",79,13.5,123
200,501030605,"2001-05-11",76,13.5,123
200,501030605,"2001-05-11",81,13.5,123
200,501030605,"2001-05-11",83,13.5,123
200,501030605,"2001-05-11",77,13.5,123
200,501030605,"2001-05-11",75,13.5,123
200,501030605,"2001-05-14",75,16.5,123
200,501030605,"2001-05-14",74,16.5,123
200,501030605,"2001-05-14",89,16.5,123
200,501030605,"2001-05-14",85,16.5,123
200,501030605,"2001-05-14",84,16.5,123
201,50567,"2001-04-21",80,7.5,124
201,50567,"2001-04-21",74,7.5,124
201,50567,"2001-04-23",80,9.5,124
201,50567,"2001-04-23",68,9.5,124
201,50567,"2001-04-25",79,11.5,124
201,50567,"2001-04-25",74,11.5,124
201,50567,"2001-04-25",77,11.5,124
201,50567,"2001-04-25",76,11.5,124
201,50567,"2001-05-05",52,21.5,124
201,50567,"2001-05-11",72,27.5,124
201,50567,"2001-05-14",88,30.5,124
202,501030506,"2001-04-20",76,6.5,125
202,501030506,"2001-04-20",79,6.5,125
202,501030506,"2001-04-23",76,9.5,125
202,501030506,"2001-04-25",79,11.5,125
202,501030506,"2001-04-25",80,11.5,125
202,501030506,"2001-04-25",81,11.5,125
202,501030506,"2001-04-25",78,11.5,125
202,501030506,"2001-04-25",77,11.5,125
203,501030507,"2001-04-21",76,7.5,126
203,501030507,"2001-04-23",78,9.5,126
203,501030507,"2001-04-25",80,11.5,126
203,501030507,"2001-04-25",79,11.5,126
203,501030507,"2001-04-25",84,11.5,126
203,501030507,"2001-04-25",82,11.5,126
203,501030507,"2001-04-25",81,11.5,126
203,501030507,"2001-04-25",75,11.5,126
203,501030507,"2001-04-25",76,11.5,126
203,501030507,"2001-04-25",74,11.5,126
203,501030507,"2001-04-25",78,11.5,126
203,501030507,"2001-05-11",84,27.5,126
203,501030507,"2001-05-16",100,32.5,126
204,501030603,"2001-05-04",81,6.5,127
204,501030603,"2001-05-04",73,6.5,127
204,501030603,"2001-05-04",75,6.5,127
204,501030603,"2001-05-05",78,7.5,127
204,501030603,"2001-05-05",79,7.5,127
204,501030603,"2001-05-05",81,7.5,127
204,501030603,"2001-05-05",82,7.5,127
204,501030603,"2001-05-09",80,11.5,127
204,501030603,"2001-05-09",82,11.5,127
204,501030603,"2001-05-11",80,13.5,127
204,501030603,"2001-05-11",81,13.5,127
204,501030603,"2001-05-11",78,13.5,127
204,501030603,"2001-05-11",82,13.5,127
204,501030603,"2001-05-11",77,13.5,127
204,501030603,"2001-05-11",76,13.5,127
204,501030603,"2001-05-14",81,16.5,127
204,501030603,"2001-05-14",78,16.5,127
205,501030508,"2001-04-25",80,11.5,128
205,501030508,"2001-04-25",79,11.5,128
205,501030508,"2001-04-25",73,11.5,128
205,501030508,"2001-04-25",72,11.5,128
205,501030508,"2001-04-25",78,11.5,128
205,501030508,"2001-05-04",88,20.5,128
205,501030508,"2001-05-11",88,27.5,128
206,501030604,"2001-05-04",79,6.5,129
206,501030604,"2001-05-04",80,6.5,129
206,501030604,"2001-05-04",75,6.5,129
206,501030604,"2001-05-05",78,7.5,129
206,501030604,"2001-05-05",77,7.5,129
206,501030604,"2001-05-05",71,7.5,129
206,501030604,"2001-05-05",75,7.5,129
206,501030604,"2001-05-09",81,11.5,129
206,501030604,"2001-05-11",85,13.5,129
206,501030604,"2001-05-11",82,13.5,129
206,501030604,"2001-05-11",81,13.5,129
206,501030604,"2001-05-11",83,13.5,129
206,501030604,"2001-05-14",80,16.5,129
206,501030604,"2001-05-14",78,16.5,129
206,501030604,"2001-05-14",79,16.5,129
206,501030604,"2001-05-14",82,16.5,129
206,501030604,"2001-05-14",83,16.5,129
207,501030503,"2001-04-20",75,6.5,130
207,501030503,"2001-04-23",72,9.5,130
207,501030503,"2001-04-25",80,11.5,130
207,501030503,"2001-04-25",81,11.5,130
207,501030503,"2001-04-25",84,11.5,130
207,501030503,"2001-04-25",78,11.5,130
207,501030503,"2001-04-25",83,11.5,130
207,501030503,"2001-04-25",76,11.5,130
207,501030503,"2001-05-05",77,21.5,130
207,501030503,"2001-05-09",89,25.5,130
207,501030503,"2001-05-11",85,27.5,130
207,501030503,"2001-05-14",90,30.5,130
207,501030503,"2001-05-14",89,30.5,130
208,50566,"2001-05-04",79,6.5,131
208,50566,"2001-05-04",75,6.5,131
208,50566,"2001-05-05",84,7.5,131
208,50566,"2001-05-05",73,7.5,131
208,50566,"2001-05-05",70,7.5,131
208,50566,"2001-05-05",76,7.5,131
208,50566,"2001-05-09",83,11.5,131
208,50566,"2001-05-09",74,11.5,131
208,50566,"2001-05-11",80,13.5,131
208,50566,"2001-05-11",79,13.5,131
208,50566,"2001-05-11",86,13.5,131
208,50566,"2001-05-11",82,13.5,131
209,501030505,"2001-04-20",76,6.5,132
209,501030505,"2001-04-21",82,7.5,132
209,501030505,"2001-04-23",85,9.5,132
209,501030505,"2001-04-25",80,11.5,132
209,501030505,"2001-04-25",79,11.5,132
209,501030505,"2001-04-25",81,11.5,132
209,501030505,"2001-04-25",84,11.5,132
209,501030505,"2001-04-25",83,11.5,132
209,501030505,"2001-04-25",78,11.5,132
210,50570,"2001-05-04",78,6.5,133
210,50570,"2001-05-04",81,6.5,133
210,50570,"2001-05-04",75,6.5,133
210,50571,"2001-05-04",80,6.5,133
210,50571,"2001-05-04",75,6.5,133
210,50571,"2001-05-04",73,6.5,133
210,50571,"2001-05-04",76,6.5,133
210,50571,"2001-05-04",72,6.5,133
210,50570,"2001-05-05",77,7.5,133
210,50570,"2001-05-05",81,7.5,133
210,50570,"2001-05-05",79,7.5,133
210,50570,"2001-05-05",76,7.5,133
210,50571,"2001-05-05",78,7.5,133
210,50571,"2001-05-05",84,7.5,133
210,50571,"2001-05-05",80,7.5,133
210,50571,"2001-05-05",79,7.5,133
210,50570,"2001-05-09",77,11.5,133
210,50570,"2001-05-09",69,11.5,133
210,50571,"2001-05-09",79,11.5,133
210,50571,"2001-05-09",82,11.5,133
210,50570,"2001-05-11",87,13.5,133
210,50570,"2001-05-11",75,13.5,133
210,50571,"2001-05-11",78,13.5,133
210,50571,"2001-05-11",84,13.5,133
210,50571,"2001-05-11",72,13.5,133
210,50571,"2001-05-11",75,13.5,133
210,50571,"2001-05-14",74,16.5,133
210,50571,"2001-05-14",81,16.5,133
210,50571,"2001-05-18",88,20.5,133
211,50499,"2001-04-20",78,6.5,134
211,50499,"2001-04-21",80,7.5,134
211,50499,"2001-04-21",75,7.5,134
211,50499,"2001-04-21",74,7.5,134
211,501030504,"2001-04-21",75,7.5,134
211,50499,"2001-04-25",80,11.5,134
211,50499,"2001-04-25",83,11.5,134
211,50499,"2001-04-25",79,11.5,134
211,50499,"2001-04-25",84,11.5,134
211,50499,"2001-04-25",82,11.5,134
211,50499,"2001-04-25",81,11.5,134
211,50499,"2001-04-25",77,11.5,134
211,501030504,"2001-04-25",81,11.5,134
211,501030504,"2001-04-25",87,11.5,134
211,501030504,"2001-04-25",84,11.5,134
211,501030504,"2001-04-25",79,11.5,134
211,501030504,"2001-04-25",83,11.5,134
211,501030504,"2001-04-25",76,11.5,134
211,501030504,"2001-05-05",88,21.5,134
211,50499,"2001-05-11",92,27.5,134
211,50499,"2001-05-14",81,30.5,134
212,501030602,"2001-05-04",85,6.5,135
212,501030602,"2001-05-05",78,7.5,135
212,501030602,"2001-05-05",79,7.5,135
212,501030602,"2001-05-05",84,7.5,135
212,501030602,"2001-05-05",76,7.5,135
212,501030602,"2001-05-09",80,11.5,135
212,501030602,"2001-05-09",82,11.5,135
212,501030602,"2001-05-11",81,13.5,135
212,501030602,"2001-05-11",79,13.5,135
212,501030602,"2001-05-11",85,13.5,135
212,501030602,"2001-05-11",82,13.5,135
212,501030602,"2001-05-14",85,16.5,135
2786,501040303,"2002-02-22",56,2.5,136
2786,501040303,"2002-02-22",57,2.5,136
2786,501040303,"2002-02-22",52,2.5,136
2786,501040303,"2002-02-22",54,2.5,136
2786,501040303,"2002-02-23",59,3.5,136
2786,501040303,"2002-02-23",56,3.5,136
2786,501040303,"2002-02-23",55,3.5,136
2786,501040303,"2002-02-23",57,3.5,136
2786,501040303,"2002-02-23",54,3.5,136
2786,501040303,"2002-02-24",56,4.5,136
2786,501040303,"2002-02-24",54,4.5,136
2786,501040303,"2002-02-24",61,4.5,136
2786,501040303,"2002-02-24",57,4.5,136
2786,501040303,"2002-03-01",59,9.5,136
2788,501040301,"2002-03-18",61,6.5,137
2788,501040301,"2002-04-02",72,21.5,137
2788,501040301,"2002-04-18",85,37.5,137
2788,501040301,"2002-04-18",82,37.5,137
2788,501040301,"2002-04-22",91,41.5,137
2788,501040301,"2002-04-22",95,41.5,137
2788,501040301,"2002-04-22",85,41.5,137
505,501040107,"2002-05-04",74,8.5,138
505,501040107,"2002-05-08",76,12.5,138
505,501040107,"2002-05-08",79,12.5,138
505,501040107,"2002-05-11",81,15.5,138
505,501040107,"2002-05-11",76,15.5,138
505,501040107,"2002-05-14",80,18.5,138
505,501040107,"2002-05-14",79,18.5,138
505,501040107,"2002-05-16",83,20.5,138
505,501040107,"2002-05-23",82,27.5,138
525,501040105,"2002-05-08",77,12.5,139
525,501040105,"2002-05-11",80,15.5,139
525,501040105,"2002-05-14",81,18.5,139
526,50887,"2002-05-03",73,7.5,140
526,50887,"2002-05-03",68,7.5,140
526,50887,"2002-05-06",80,10.5,140
526,50887,"2002-05-10",74,14.5,140
526,50887,"2002-05-10",76,14.5,140
526,50887,"2002-05-11",78,15.5,140
526,50887,"2002-05-11",75,15.5,140
526,50887,"2002-05-14",74,18.5,140
526,50887,"2002-05-16",81,20.5,140
526,50887,"2002-05-16",82,20.5,140
526,50887,"2002-05-20",79,24.5,140
526,50887,"2002-05-20",86,24.5,140
549,50886,"2002-05-03",79,7.5,141
549,50886,"2002-05-03",75,7.5,141
549,50886,"2002-05-06",74,10.5,141
549,50886,"2002-05-06",75,10.5,141
549,50886,"2002-05-06",79,10.5,141
549,50886,"2002-05-10",76,14.5,141
549,50886,"2002-05-16",77,20.5,141
593,501040106,"2002-05-06",72,10.5,142
593,501040106,"2002-05-06",85,10.5,142
593,501040106,"2002-05-10",81,14.5,142
593,501040106,"2002-05-11",83,15.5,142
593,501040106,"2002-05-14",83,18.5,142
652,501040205,"2002-04-24",79,5.5,143
652,501040205,"2002-04-24",73,5.5,143
652,501040205,"2002-04-24",85,5.5,143
652,501040205,"2002-04-25",75,6.5,143
652,501040205,"2002-04-25",76,6.5,143
652,501040205,"2002-04-25",73,6.5,143
652,501040205,"2002-04-25",72,6.5,143
652,501040205,"2002-04-26",76,7.5,143
656,50885,"2002-05-01",78,5.5,144
656,50885,"2002-05-03",77,7.5,144
656,50885,"2002-05-06",79,10.5,144
656,50885,"2002-05-08",85,12.5,144
656,50885,"2002-05-08",80,12.5,144
656,50885,"2002-05-10",79,14.5,144
656,50885,"2002-05-11",79,15.5,144
656,50885,"2002-05-14",83,18.5,144
659,50878,"2002-04-24",83,5.5,145
659,50878,"2002-04-24",79,5.5,145
659,50878,"2002-04-24",80,5.5,145
659,50878,"2002-04-25",82,6.5,145
659,50878,"2002-04-27",81,8.5,145
659,50878,"2002-04-30",88,11.5,145
675,50880,"2002-04-24",86,5.5,146
675,50880,"2002-04-24",79,5.5,146
675,50880,"2002-04-24",82,5.5,146
675,50880,"2002-04-24",84,5.5,146
675,50880,"2002-04-24",80,5.5,146
675,50880,"2002-04-25",85,6.5,146
675,50880,"2002-04-25",79,6.5,146
675,50880,"2002-04-26",79,7.5,146
675,50880,"2002-04-27",89,8.5,146
675,50880,"2002-04-29",80,10.5,146
675,50880,"2002-04-29",86,10.5,146
692,50879,"2002-04-24",81,5.5,147
692,50879,"2002-04-24",79,5.5,147
692,50879,"2002-04-24",77,5.5,147
692,50879,"2002-04-24",78,5.5,147
692,50879,"2002-04-25",73,6.5,147
692,50879,"2002-04-25",76,6.5,147
692,50879,"2002-04-25",74,6.5,147
692,50879,"2002-04-26",72,7.5,147
692,50879,"2002-04-29",84,10.5,147
693,501040204,"2002-04-24",80,5.5,148
693,501040204,"2002-04-24",78,5.5,148
693,501040204,"2002-04-24",84,5.5,148
693,501040204,"2002-04-24",79,5.5,148
693,501040204,"2002-04-25",81,6.5,148
693,501040204,"2002-04-29",83,10.5,148
693,501040204,"2002-04-29",84,10.5,148
693,501040204,"2002-04-29",82,10.5,148
693,501040204,"2002-04-30",83,11.5,148
693,501040204,"2002-05-01",81,12.5,148
693,501040204,"2002-05-08",86,19.5,148
696,50877,"2002-04-24",79,5.5,149
696,50877,"2002-04-24",81,5.5,149
696,50877,"2002-04-24",78,5.5,149
696,50877,"2002-04-24",76,5.5,149
696,50877,"2002-04-24",77,5.5,149
696,50877,"2002-04-24",74,5.5,149
696,50877,"2002-04-25",78,6.5,149
696,50877,"2002-04-25",77,6.5,149
696,50877,"2002-04-25",80,6.5,149
696,50877,"2002-04-26",84,7.5,149
696,50877,"2002-04-27",79,8.5,149
696,50877,"2002-04-27",76,8.5,149
696,50877,"2002-04-27",84,8.5,149
696,50877,"2002-04-29",82,10.5,149
696,50877,"2002-05-04",90,15.5,149
696,50877,"2002-05-04",80,15.5,149
718,50884,"2002-05-01",80,5.5,150
718,50884,"2002-05-04",78,8.5,150
718,50884,"2002-05-08",82,12.5,150
718,50884,"2002-05-11",77,15.5,150
718,50884,"2002-05-14",83,18.5,150
733,501040208,"2002-04-24",79,5.5,151
733,501040208,"2002-04-25",80,6.5,151
733,501040208,"2002-04-25",82,6.5,151
733,501040208,"2002-04-30",84,11.5,151
733,501040208,"2002-04-30",80,11.5,151
756,501040207,"2002-04-24",82,5.5,152
756,501040207,"2002-04-24",74,5.5,152
756,501040207,"2002-04-24",81,5.5,152
756,501040207,"2002-04-24",88,5.5,152
756,501040207,"2002-04-25",81,6.5,152
756,501040207,"2002-04-25",75,6.5,152
756,501040207,"2002-04-25",83,6.5,152
756,501040207,"2002-05-03",85,14.5,152
762,501040206,"2002-04-24",79,5.5,153
762,501040206,"2002-04-24",78,5.5,153
762,501040206,"2002-04-24",75,5.5,153
762,501040206,"2002-04-24",86,5.5,153
762,501040206,"2002-04-25",83,6.5,153
762,501040206,"2002-04-25",82,6.5,153
762,501040206,"2002-04-26",83,7.5,153
762,501040206,"2002-04-27",82,8.5,153
770,501040201,"2002-04-30",82,4.5,154
770,501040201,"2002-05-04",80,8.5,154
770,501040201,"2002-05-04",76,8.5,154
770,501040201,"2002-05-14",82,18.5,154
777,50875,"2002-04-24",79,5.5,155
777,50875,"2002-04-24",80,5.5,155
777,50875,"2002-04-24",75,5.5,155
777,50875,"2002-04-24",78,5.5,155
777,50875,"2002-04-24",83,5.5,155
777,50875,"2002-04-25",72,6.5,155
777,50875,"2002-04-25",80,6.5,155
777,50875,"2002-04-25",73,6.5,155
777,50875,"2002-04-29",81,10.5,155
777,50875,"2002-05-06",84,17.5,155
781,50876,"2002-04-24",79,5.5,156
781,50876,"2002-04-26",82,7.5,156
781,50876,"2002-04-26",84,7.5,156
781,50876,"2002-04-27",81,8.5,156
784,50874,"2002-04-24",85,5.5,157
784,50874,"2002-04-24",78,5.5,157
784,50874,"2002-04-25",82,6.5,157
784,50874,"2002-04-25",87,6.5,157
784,50874,"2002-04-25",86,6.5,157
784,50874,"2002-04-25",76,6.5,157
784,50874,"2002-04-26",79,7.5,157
784,50874,"2002-04-27",81,8.5,157
784,50874,"2002-04-29",82,10.5,157
784,50874,"2002-05-04",83,15.5,157
802,501040209,"2002-04-24",77,5.5,158
802,501040209,"2002-04-24",82,5.5,158
802,501040209,"2002-04-24",84,5.5,158
802,501040209,"2002-04-24",83,5.5,158
802,501040209,"2002-04-26",89,7.5,158
842,50881,"2002-04-30",87,5.5,159
842,50881,"2002-04-30",84,5.5,159
842,50881,"2002-04-30",83,5.5,159
842,50881,"2002-05-01",80,6.5,159
842,50881,"2002-05-06",78,11.5,159
842,50881,"2002-05-11",86,16.5,159
851,501040203,"2002-04-30",85,4.5,160
851,501040203,"2002-05-01",81,5.5,160
851,501040203,"2002-05-03",87,7.5,160
851,501040203,"2002-05-08",86,12.5,160
851,501040203,"2002-05-10",86,14.5,160
852,50883,"2002-05-01",87,5.5,161
852,50883,"2002-05-04",81,8.5,161
852,50883,"2002-05-10",80,14.5,161
852,50883,"2002-05-10",90,14.5,161
852,50883,"2002-05-11",80,15.5,161
852,50883,"2002-05-14",88,18.5,161
853,501040202,"2002-04-30",84,4.5,162
853,501040202,"2002-05-01",86,5.5,162
853,501040202,"2002-05-01",87,5.5,162
853,501040202,"2002-05-03",82,7.5,162
853,501040202,"2002-05-03",83,7.5,162
853,501040202,"2002-05-04",82,8.5,162
853,501040202,"2002-05-06",82,10.5,162
866,50882,"2002-05-01",84,5.5,163
866,50882,"2002-05-01",88,5.5,163
866,50882,"2002-05-03",81,7.5,163
866,50882,"2002-05-04",80,8.5,163
866,50882,"2002-05-10",86,14.5,163
866,50882,"2002-05-14",88,18.5,163
2793,501020106,"2003-02-25",57,4.5,164
2793,501020106,"2003-02-25",54,4.5,164
2793,501020106,"2003-02-25",56,4.5,164
2793,501020106,"2003-02-25",60,4.5,164
2793,501020106,"2003-02-26",53,5.5,164
2793,501020106,"2003-03-01",59,8.5,164
2793,501020106,"2003-03-10",66,17.5,164
2793,501020106,"2003-03-18",71,25.5,164
2793,501020106,"2003-03-22",69,29.5,164
2793,501020106,"2003-03-28",71,35.5,164
2793,501020106,"2003-03-28",75,35.5,164
2793,501020106,"2003-03-28",74,35.5,164
2793,501020106,"2003-04-01",74,39.5,164
2793,501020106,"2003-04-01",78,39.5,164
2793,501020106,"2003-04-09",83,47.5,164
2792,501020104,"2003-03-28",77,21.5,165
2792,501020104,"2003-04-01",75,25.5,165
2792,501020104,"2003-04-04",76,28.5,165
2792,501020104,"2003-04-04",86,28.5,165
2792,501020104,"2003-04-05",83,29.5,165
2792,501020104,"2003-04-05",80,29.5,165
2792,501020104,"2003-04-09",83,33.5,165
2295,501030104,"2004-03-11",55,8.5,166
2295,501030104,"2004-03-11",53,8.5,166
2295,501030104,"2004-03-18",51,15.5,166
2295,501030104,"2004-03-18",54,15.5,166
2295,501030104,"2004-03-26",61,23.5,166
2295,501030104,"2004-03-28",62,25.5,166
2295,501030104,"2004-04-06",78,34.5,166
2295,501030104,"2004-04-21",80,49.5,166
213,501040108,"2004-04-21",70,4.5,167
213,501040108,"2004-04-21",80,4.5,167
213,501040108,"2004-04-21",78,4.5,167
213,501040108,"2004-04-21",77,4.5,167
213,501040108,"2004-04-21",72,4.5,167
213,501040108,"2004-04-21",75,4.5,167
213,501040108,"2004-04-22",74,5.5,167
213,501040108,"2004-04-22",80,5.5,167
213,501040108,"2004-04-22",83,5.5,167
213,501040108,"2004-04-22",76,5.5,167
213,501040108,"2004-04-23",79,6.5,167
213,501040108,"2004-04-23",81,6.5,167
213,501040108,"2004-04-23",76,6.5,167
213,501040108,"2004-04-23",80,6.5,167
213,501040108,"2004-04-23",78,6.5,167
213,501040108,"2004-04-24",72,7.5,167
213,501040108,"2004-04-25",77,8.5,167
213,501040108,"2004-04-25",82,8.5,167
213,501040108,"2004-04-25",81,8.5,167
213,501040108,"2004-04-26",75,9.5,167
213,501040108,"2004-04-28",74,11.5,167
213,501040108,"2004-04-29",80,12.5,167
213,501040108,"2004-04-29",79,12.5,167
213,501040108,"2004-04-29",77,12.5,167
213,501040108,"2004-04-29",76,12.5,167
213,501040108,"2004-04-30",86,13.5,167
213,501040108,"2004-05-02",82,15.5,167
214,501040109,"2004-04-20",79,3.5,168
214,501040109,"2004-04-21",76,4.5,168
214,501040109,"2004-04-21",70,4.5,168
214,501040109,"2004-04-21",73,4.5,168
214,501040109,"2004-04-22",74,5.5,168
214,501040109,"2004-04-22",72,5.5,168
214,501040109,"2004-04-22",82,5.5,168
214,501040109,"2004-04-22",78,5.5,168
214,501040109,"2004-04-22",75,5.5,168
214,501040109,"2004-04-22",77,5.5,168
214,501040109,"2004-04-22",70,5.5,168
214,501040109,"2004-04-22",76,5.5,168
214,501040109,"2004-04-22",80,5.5,168
214,501040109,"2004-04-23",79,6.5,168
214,501040109,"2004-04-23",80,6.5,168
214,501040109,"2004-04-23",76,6.5,168
214,501040109,"2004-04-23",75,6.5,168
214,501040109,"2004-04-25",80,8.5,168
214,501040109,"2004-04-25",72,8.5,168
214,501040109,"2004-04-26",85,9.5,168
214,501040109,"2004-04-26",81,9.5,168
214,501040109,"2004-04-28",75,11.5,168
214,501040109,"2004-04-29",75,12.5,168
214,501040109,"2004-04-29",80,12.5,168
214,501040109,"2004-04-29",71,12.5,168
214,501040109,"2004-04-29",73,12.5,168
214,501040109,"2004-05-02",74,15.5,168
2782,501020108,"2005-02-22",54,3.5,169
2782,501020108,"2005-02-24",52,5.5,169
2782,501020108,"2005-02-24",49,5.5,169
2782,501020108,"2005-02-25",50,6.5,169
2782,501020108,"2005-02-27",51,8.5,169
2782,501020108,"2005-02-27",53,8.5,169
2782,501020108,"2005-03-03",57,12.5,169
2782,501020108,"2005-03-05",54,14.5,169
2782,501020108,"2005-03-05",57,14.5,169
2782,501020108,"2005-03-13",57,22.5,169
2782,501020108,"2005-03-26",78,35.5,169
2782,501020108,"2005-03-27",71,36.5,169
2780,501020110,"2005-03-26",54,18.5,170
2781,501020109,"2005-04-01",69,24.5,171
2781,501020109,"2005-04-02",74,25.5,171
2781,501020109,"2005-04-04",67,27.5,171
2781,501020109,"2005-04-06",69,29.5,171
2776,501040705,"2006-02-28",53,11.5,172
2776,501040705,"2006-03-02",55,13.5,172
2776,501040705,"2006-03-02",58,13.5,172
2777,501040704,"2006-02-23",48,6.5,173
2777,501040704,"2006-02-24",49,7.5,173
2777,501040704,"2006-02-24",51,7.5,173
2777,501040704,"2006-02-28",54,11.5,173
2777,501040704,"2006-03-01",51,12.5,173
2777,501040704,"2006-03-01",50,12.5,173
2777,501040704,"2006-03-02",57,13.5,173
2777,501040704,"2006-03-06",46,17.5,173
2778,501040708,"2006-03-01",54,4.5,174
2778,501040709,"2006-03-08",52,11.5,174
435,54898,"2009-04-29",74,5.5,182
435,54898,"2009-05-20",80,26.5,182
527,54899,"2009-04-29",80,5.5,183
527,54899,"2009-04-30",74,6.5,183
530,54896,"2009-04-30",71,6.5,184
530,54896,"2009-05-04",82,10.5,184
530,54896,"2009-05-05",73,11.5,184
530,54896,"2009-05-05",72,11.5,184
530,54896,"2009-05-07",70,13.5,184
601,54877,"2009-04-14",78,4.5,185
601,54877,"2009-04-15",80,5.5,185
601,54877,"2009-04-15",83,5.5,185
601,54877,"2009-04-15",79,5.5,185
601,54877,"2009-04-15",84,5.5,185
601,54877,"2009-04-15",81,5.5,185
601,54877,"2009-04-15",77,5.5,185
601,54877,"2009-04-15",72,5.5,185
601,54877,"2009-04-15",76,5.5,185
601,54877,"2009-04-15",78,5.5,185
601,54877,"2009-04-15",74,5.5,185
601,54877,"2009-04-16",82,6.5,185
601,54877,"2009-04-16",78,6.5,185
601,54877,"2009-04-16",81,6.5,185
601,54877,"2009-04-17",87,7.5,185
601,54877,"2009-04-22",85,12.5,185
601,54877,"2009-04-28",85,18.5,185
649,54884,"2009-04-14",75,4.5,186
649,54884,"2009-04-14",80,4.5,186
649,54884,"2009-04-15",80,5.5,186
649,54884,"2009-04-15",74,5.5,186
649,54884,"2009-04-15",79,5.5,186
649,54884,"2009-04-15",77,5.5,186
649,54884,"2009-04-15",71,5.5,186
649,54884,"2009-04-15",75,5.5,186
649,54884,"2009-04-15",76,5.5,186
649,54884,"2009-04-16",73,6.5,186
649,54884,"2009-04-16",80,6.5,186
649,54884,"2009-04-16",78,6.5,186
649,54884,"2009-04-17",91,7.5,186
649,54884,"2009-04-17",78,7.5,186
649,54884,"2009-04-23",83,13.5,186
649,54884,"2009-04-30",80,20.5,186
651,54888,"2009-04-21",79,4.5,187
651,54888,"2009-04-22",76,5.5,187
651,54888,"2009-04-23",84,6.5,187
651,54888,"2009-04-23",73,6.5,187
651,54888,"2009-04-23",80,6.5,187
651,54888,"2009-04-23",78,6.5,187
651,54888,"2009-04-24",81,7.5,187
651,54888,"2009-04-24",80,7.5,187
651,54888,"2009-04-25",82,8.5,187
651,54888,"2009-04-27",83,10.5,187
658,54891,"2009-04-22",75,5.5,188
658,54891,"2009-04-22",83,5.5,188
658,54891,"2009-04-22",78,5.5,188
658,54891,"2009-04-23",83,6.5,188
658,54891,"2009-04-23",78,6.5,188
658,54891,"2009-04-24",81,7.5,188
658,54891,"2009-04-25",85,8.5,188
658,54891,"2009-04-25",77,8.5,188
658,54891,"2009-04-25",82,8.5,188
658,54891,"2009-04-28",83,11.5,188
658,54891,"2009-04-29",76,12.5,188
669,54881,"2009-04-15",77,5.5,189
669,54881,"2009-04-15",79,5.5,189
669,54881,"2009-04-15",84,5.5,189
669,54881,"2009-04-15",73,5.5,189
669,54881,"2009-04-15",76,5.5,189
669,54881,"2009-04-16",74,6.5,189
669,54881,"2009-04-16",79,6.5,189
669,54881,"2009-04-16",75,6.5,189
671,54880,"2009-04-14",75,4.5,190
671,54880,"2009-04-14",77,4.5,190
671,54880,"2009-04-14",82,4.5,190
671,54880,"2009-04-15",81,5.5,190
671,54880,"2009-04-15",76,5.5,190
671,54880,"2009-04-15",73,5.5,190
671,54880,"2009-04-15",75,5.5,190
671,54880,"2009-04-15",80,5.5,190
671,54880,"2009-04-15",72,5.5,190
671,54880,"2009-04-16",70,6.5,190
671,54880,"2009-04-16",76,6.5,190
671,54880,"2009-04-16",81,6.5,190
671,54880,"2009-04-16",74,6.5,190
671,54880,"2009-04-16",80,6.5,190
671,54880,"2009-04-20",79,10.5,190
671,54880,"2009-04-20",76,10.5,190
671,54880,"2009-04-21",80,11.5,190
671,54880,"2009-04-28",84,18.5,190
672,54887,"2009-04-21",78,4.5,191
672,54887,"2009-04-21",83,4.5,191
672,54887,"2009-04-22",85,5.5,191
672,54887,"2009-04-22",81,5.5,191
672,54887,"2009-04-23",75,6.5,191
672,54887,"2009-04-23",77,6.5,191
672,54887,"2009-04-23",80,6.5,191
672,54887,"2009-04-24",79,7.5,191
672,54887,"2009-04-24",78,7.5,191
672,54887,"2009-04-24",77,7.5,191
677,54874,"2009-04-14",83,4.5,192
677,54874,"2009-04-14",81,4.5,192
677,54874,"2009-04-15",81,5.5,192
677,54874,"2009-04-15",82,5.5,192
677,54874,"2009-04-15",83,5.5,192
677,54874,"2009-04-15",86,5.5,192
677,54874,"2009-04-15",73,5.5,192
677,54874,"2009-04-15",78,5.5,192
677,54874,"2009-04-15",85,5.5,192
677,54874,"2009-04-16",79,6.5,192
677,54874,"2009-04-16",84,6.5,192
677,54874,"2009-04-21",80,11.5,192
677,54874,"2009-04-22",84,12.5,192
677,54874,"2009-04-23",84,13.5,192
677,54874,"2009-04-23",75,13.5,192
677,54874,"2009-04-24",75,14.5,192
683,54876,"2009-04-14",78,4.5,193
683,54876,"2009-04-14",80,4.5,193
683,54876,"2009-04-14",90,4.5,193
683,54876,"2009-04-15",80,5.5,193
683,54876,"2009-04-15",86,5.5,193
683,54876,"2009-04-15",84,5.5,193
683,54876,"2009-04-15",72,5.5,193
683,54876,"2009-04-23",83,13.5,193
694,54882,"2009-04-15",83,5.5,194
694,54882,"2009-04-15",75,5.5,194
694,54882,"2009-04-15",79,5.5,194
694,54882,"2009-04-15",85,5.5,194
694,54882,"2009-04-15",78,5.5,194
694,54882,"2009-04-15",82,5.5,194
694,54882,"2009-04-17",90,7.5,194
694,54882,"2009-04-20",80,10.5,194
694,54882,"2009-04-20",81,10.5,194
694,54882,"2009-04-22",78,12.5,194
694,54882,"2009-04-23",85,13.5,194
702,54894,"2009-05-07",82,13.5,195
703,54878,"2009-04-14",85,4.5,196
703,54878,"2009-04-15",84,5.5,196
703,54878,"2009-04-15",80,5.5,196
703,54878,"2009-04-15",72,5.5,196
703,54878,"2009-04-15",76,5.5,196
703,54878,"2009-04-15",77,5.5,196
703,54878,"2009-04-16",79,6.5,196
703,54878,"2009-04-16",78,6.5,196
703,54878,"2009-04-17",89,7.5,196
703,54878,"2009-04-20",72,10.5,196
703,54878,"2009-04-21",78,11.5,196
703,54878,"2009-04-22",82,12.5,196
703,54878,"2009-04-23",81,13.5,196
703,54878,"2009-04-28",85,18.5,196
704,54897,"2009-04-28",NA,4.5,197
704,54897,"2009-04-29",75,5.5,197
704,54897,"2009-04-30",72,6.5,197
704,54897,"2009-05-01",78,7.5,197
704,54897,"2009-05-07",78,13.5,197
722,54883,"2009-04-14",78,4.5,198
722,54883,"2009-04-14",81,4.5,198
722,54883,"2009-04-14",82,4.5,198
722,54883,"2009-04-14",83,4.5,198
722,54883,"2009-04-15",80,5.5,198
722,54883,"2009-04-15",81,5.5,198
722,54883,"2009-04-15",77,5.5,198
722,54883,"2009-04-15",78,5.5,198
722,54883,"2009-04-15",76,5.5,198
722,54883,"2009-04-15",75,5.5,198
722,54883,"2009-04-15",79,5.5,198
722,54883,"2009-04-16",76,6.5,198
722,54883,"2009-04-17",80,7.5,198
723,54885,"2009-04-22",80,5.5,199
723,54885,"2009-04-22",82,5.5,199
723,54885,"2009-04-22",84,5.5,199
723,54885,"2009-04-23",77,6.5,199
723,54885,"2009-04-23",75,6.5,199
723,54885,"2009-04-23",85,6.5,199
723,54885,"2009-04-23",82,6.5,199
723,54885,"2009-04-25",81,8.5,199
723,54885,"2009-04-27",83,10.5,199
723,54885,"2009-04-28",85,11.5,199
728,54886,"2009-04-21",85,4.5,200
728,54886,"2009-04-21",76,4.5,200
728,54886,"2009-04-23",79,6.5,200
728,54886,"2009-04-24",83,7.5,200
728,54886,"2009-04-25",77,8.5,200
728,54886,"2009-04-29",84,12.5,200
728,54886,"2009-04-30",84,13.5,200
773,54889,"2009-04-22",85,5.5,201
773,54889,"2009-04-23",79,6.5,201
773,54889,"2009-05-01",80,14.5,201
773,54889,"2009-05-07",84,20.5,201
782,54872,"2009-04-21",86,4.5,202
782,54872,"2009-04-22",83,5.5,202
782,54872,"2009-04-22",84,5.5,202
782,54872,"2009-04-23",79,6.5,202
782,54872,"2009-04-23",81,6.5,202
782,54872,"2009-04-24",81,7.5,202
782,54872,"2009-04-24",80,7.5,202
782,54872,"2009-04-25",85,8.5,202
782,54872,"2009-05-07",91,20.5,202
785,54892,"2009-04-29",80,5.5,203
785,54892,"2009-04-29",75,5.5,203
785,54892,"2009-04-30",84,6.5,203
785,54892,"2009-04-30",75,6.5,203
785,54892,"2009-05-18",91,24.5,203
808,54875,"2009-04-14",83,4.5,204
808,54875,"2009-04-14",89,4.5,204
808,54875,"2009-04-14",80,4.5,204
808,54875,"2009-04-14",81,4.5,204
808,54875,"2009-04-14",85,4.5,204
808,54875,"2009-04-15",82,5.5,204
808,54875,"2009-04-15",77,5.5,204
808,54875,"2009-04-15",88,5.5,204
808,54875,"2009-04-15",79,5.5,204
808,54875,"2009-04-16",76,6.5,204
829,54873,"2009-04-29",76,5.5,205
829,54873,"2009-04-29",84,5.5,205
829,54895,"2009-04-29",83,5.5,205
829,54895,"2009-04-29",88,5.5,205
829,54895,"2009-04-29",78,5.5,205
829,54873,"2009-04-30",81,6.5,205
829,54873,"2009-04-30",77,6.5,205
829,54873,"2009-04-30",78,6.5,205
829,54895,"2009-04-30",83,6.5,205
829,54895,"2009-04-30",77,6.5,205
829,54895,"2009-04-30",81,6.5,205
829,54895,"2009-05-01",86,7.5,205
839,54893,"2009-04-29",87,5.5,206
839,54893,"2009-04-29",82,5.5,206
839,54893,"2009-04-30",72,6.5,206
839,54893,"2009-05-05",78,11.5,206
839,54893,"2009-05-08",81,14.5,206
874,54890,"2009-04-28",81,4.5,207
874,54890,"2009-04-29",77,5.5,207
874,54890,"2009-04-30",80,6.5,207
874,54890,"2009-05-04",81,10.5,207
515,55224,"2010-04-26",70,9.5,209
515,55224,"2010-04-30",74,13.5,209
515,55224,"2010-04-30",75,13.5,209
515,55224,"2010-04-30",80,13.5,209
517,55226,"2010-04-21",68,4.5,210
517,55226,"2010-04-26",75,9.5,210
517,55226,"2010-04-28",77,11.5,210
517,55226,"2010-04-28",70,11.5,210
517,55226,"2010-04-30",77,13.5,210
517,55226,"2010-04-30",78,13.5,210
517,55226,"2010-04-30",80,13.5,210
517,55226,"2010-04-30",74,13.5,210
517,55226,"2010-04-30",81,13.5,210
517,55226,"2010-05-03",75,16.5,210
531,55225,"2010-04-21",68,4.5,211
531,55225,"2010-04-21",70,4.5,211
531,55225,"2010-04-26",73,9.5,211
531,55225,"2010-04-26",70,9.5,211
531,55225,"2010-04-30",83,13.5,211
531,55225,"2010-04-30",77,13.5,211
531,55225,"2010-05-03",85,16.5,211
531,55225,"2010-05-03",77,16.5,211
531,55225,"2010-05-03",70,16.5,211
550,55199,"2010-04-21",78,4.5,212
550,55199,"2010-04-21",79,4.5,212
550,55199,"2010-04-21",71,4.5,212
550,55199,"2010-04-21",77,4.5,212
550,55199,"2010-04-21",70,4.5,212
550,55199,"2010-04-21",80,4.5,212
550,55199,"2010-04-21",74,4.5,212
550,55199,"2010-04-21",73,4.5,212
550,55199,"2010-04-30",79,13.5,212
550,55199,"2010-04-30",75,13.5,212
550,55199,"2010-05-03",80,16.5,212
550,55199,"2010-05-10",85,23.5,212
553,55198,"2010-04-21",79,4.5,213
553,55198,"2010-04-21",72,4.5,213
553,55198,"2010-04-21",76,4.5,213
553,55198,"2010-04-21",77,4.5,213
553,55198,"2010-04-21",78,4.5,213
553,55198,"2010-04-23",71,6.5,213
553,55198,"2010-04-28",85,11.5,213
553,55198,"2010-04-30",78,13.5,213
553,55198,"2010-05-03",75,16.5,213
553,55198,"2010-05-03",80,16.5,213
581,55222,"2010-04-21",77,4.5,214
581,55222,"2010-04-21",72,4.5,214
581,55222,"2010-04-21",75,4.5,214
581,55222,"2010-04-23",76,6.5,214
581,55222,"2010-04-26",73,9.5,214
581,55222,"2010-04-26",76,9.5,214
581,55222,"2010-04-26",77,9.5,214
581,55222,"2010-04-26",74,9.5,214
581,55222,"2010-04-30",75,13.5,214
594,55195,"2010-04-14",73,4.5,215
594,55195,"2010-04-15",77,5.5,215
594,55195,"2010-04-15",79,5.5,215
594,55195,"2010-04-15",75,5.5,215
594,55195,"2010-04-15",76,5.5,215
594,55195,"2010-04-15",73,5.5,215
594,55195,"2010-04-15",78,5.5,215
594,55195,"2010-04-15",68,5.5,215
594,55195,"2010-04-15",69,5.5,215
594,55195,"2010-04-15",71,5.5,215
594,55195,"2010-04-15",84,5.5,215
594,55195,"2010-04-15",74,5.5,215
594,55195,"2010-04-15",83,5.5,215
594,55195,"2010-04-16",75,6.5,215
594,55195,"2010-04-16",76,6.5,215
594,55195,"2010-04-16",73,6.5,215
594,55195,"2010-04-16",71,6.5,215
594,55195,"2010-04-16",74,6.5,215
594,55195,"2010-04-16",78,6.5,215
594,55195,"2010-04-16",83,6.5,215
594,55195,"2010-04-16",80,6.5,215
594,55195,"2010-04-16",69,6.5,215
594,55195,"2010-04-17",79,7.5,215
594,55195,"2010-04-17",80,7.5,215
594,55195,"2010-04-17",70,7.5,215
594,55195,"2010-04-17",78,7.5,215
594,55195,"2010-04-17",76,7.5,215
594,55195,"2010-04-19",75,9.5,215
594,55195,"2010-04-19",71,9.5,215
594,55195,"2010-04-19",72,9.5,215
594,55195,"2010-04-19",80,9.5,215
594,55195,"2010-04-19",77,9.5,215
594,55195,"2010-04-19",68,9.5,215
594,55195,"2010-04-21",70,11.5,215
594,55195,"2010-04-21",76,11.5,215
594,55195,"2010-04-26",77,16.5,215
608,55221,"2010-04-21",70,4.5,216
608,55221,"2010-04-21",74,4.5,216
608,55221,"2010-04-26",76,9.5,216
608,55221,"2010-04-30",83,13.5,216
608,55221,"2010-04-30",75,13.5,216
608,55221,"2010-04-30",74,13.5,216
608,55221,"2010-04-30",77,13.5,216
608,55221,"2010-05-03",80,16.5,216
608,55221,"2010-05-06",85,19.5,216
609,55223,"2010-04-21",71,4.5,217
609,55223,"2010-04-21",74,4.5,217
609,55223,"2010-04-21",82,4.5,217
609,55223,"2010-04-21",76,4.5,217
609,55223,"2010-04-21",75,4.5,217
609,55223,"2010-04-21",80,4.5,217
609,55223,"2010-04-21",79,4.5,217
609,55223,"2010-04-26",75,9.5,217
609,55223,"2010-04-26",76,9.5,217
609,55223,"2010-04-28",78,11.5,217
609,55223,"2010-04-30",80,13.5,217
609,55223,"2010-04-30",78,13.5,217
609,55223,"2010-04-30",77,13.5,217
609,55223,"2010-04-30",74,13.5,217
609,55223,"2010-04-30",76,13.5,217
609,55223,"2010-05-03",80,16.5,217
610,55193,"2010-04-15",70,5.5,218
610,55193,"2010-04-15",75,5.5,218
610,55193,"2010-04-15",72,5.5,218
610,55193,"2010-04-15",74,5.5,218
610,55193,"2010-04-15",85,5.5,218
610,55193,"2010-04-15",76,5.5,218
610,55193,"2010-04-15",73,5.5,218
610,55193,"2010-04-15",77,5.5,218
610,55193,"2010-04-15",80,5.5,218
610,55193,"2010-04-15",68,5.5,218
610,55193,"2010-04-15",81,5.5,218
610,55193,"2010-04-16",70,6.5,218
610,55193,"2010-04-16",84,6.5,218
610,55193,"2010-04-16",79,6.5,218
610,55193,"2010-04-16",77,6.5,218
610,55193,"2010-04-16",76,6.5,218
610,55193,"2010-04-16",74,6.5,218
610,55193,"2010-04-16",75,6.5,218
610,55193,"2010-04-16",80,6.5,218
610,55193,"2010-04-16",67,6.5,218
610,55193,"2010-04-16",73,6.5,218
610,55193,"2010-04-17",75,7.5,218
610,55193,"2010-04-17",80,7.5,218
610,55193,"2010-04-17",74,7.5,218
610,55193,"2010-04-17",65,7.5,218
610,55193,"2010-04-17",72,7.5,218
610,55193,"2010-04-17",78,7.5,218
610,55193,"2010-04-19",75,9.5,218
610,55193,"2010-04-19",74,9.5,218
610,55193,"2010-04-19",76,9.5,218
610,55193,"2010-04-19",77,9.5,218
610,55193,"2010-04-28",84,18.5,218
610,55193,"2010-04-30",80,20.5,218
613,55194,"2010-04-15",84,5.5,219
613,55194,"2010-04-15",80,5.5,219
613,55194,"2010-04-15",78,5.5,219
613,55194,"2010-04-15",75,5.5,219
613,55194,"2010-04-15",81,5.5,219
613,55194,"2010-04-15",65,5.5,219
613,55194,"2010-04-15",79,5.5,219
613,55194,"2010-04-15",76,5.5,219
613,55194,"2010-04-16",83,6.5,219
613,55194,"2010-04-16",73,6.5,219
613,55194,"2010-04-16",77,6.5,219
613,55194,"2010-04-16",72,6.5,219
613,55194,"2010-04-16",78,6.5,219
613,55194,"2010-04-16",74,6.5,219
613,55194,"2010-04-16",79,6.5,219
613,55194,"2010-04-16",76,6.5,219
613,55194,"2010-04-16",75,6.5,219
613,55194,"2010-04-16",71,6.5,219
613,55194,"2010-04-16",82,6.5,219
613,55194,"2010-04-16",80,6.5,219
613,55194,"2010-04-16",81,6.5,219
613,55194,"2010-04-17",78,7.5,219
613,55194,"2010-04-17",75,7.5,219
613,55194,"2010-04-17",77,7.5,219
613,55194,"2010-04-17",81,7.5,219
613,55194,"2010-04-17",73,7.5,219
613,55194,"2010-04-17",74,7.5,219
613,55194,"2010-04-17",80,7.5,219
613,55194,"2010-04-19",76,9.5,219
613,55194,"2010-04-19",80,9.5,219
613,55194,"2010-04-19",84,9.5,219
613,55194,"2010-04-19",72,9.5,219
613,55194,"2010-04-19",71,9.5,219
613,55194,"2010-04-19",83,9.5,219
613,55194,"2010-04-19",77,9.5,219
613,55194,"2010-04-21",76,11.5,219
613,55194,"2010-04-30",85,20.5,219
653,55191,"2010-04-15",84,5.5,220
653,55191,"2010-04-15",80,5.5,220
653,55191,"2010-04-15",75,5.5,220
653,55191,"2010-04-15",76,5.5,220
653,55191,"2010-04-15",77,5.5,220
653,55191,"2010-04-15",74,5.5,220
653,55191,"2010-04-15",78,5.5,220
653,55191,"2010-04-15",79,5.5,220
653,55191,"2010-04-16",79,6.5,220
653,55191,"2010-04-16",69,6.5,220
653,55191,"2010-04-16",74,6.5,220
653,55191,"2010-04-16",85,6.5,220
653,55191,"2010-04-16",83,6.5,220
653,55191,"2010-04-16",67,6.5,220
653,55191,"2010-04-16",76,6.5,220
653,55191,"2010-04-16",82,6.5,220
653,55191,"2010-04-16",80,6.5,220
653,55191,"2010-04-16",81,6.5,220
653,55191,"2010-04-16",73,6.5,220
653,55191,"2010-04-16",72,6.5,220
653,55191,"2010-04-16",71,6.5,220
653,55191,"2010-04-17",69,7.5,220
653,55191,"2010-04-17",70,7.5,220
653,55191,"2010-04-17",76,7.5,220
653,55191,"2010-04-17",75,7.5,220
653,55191,"2010-04-19",73,9.5,220
653,55191,"2010-04-19",76,9.5,220
653,55191,"2010-04-19",79,9.5,220
653,55191,"2010-04-19",70,9.5,220
653,55191,"2010-04-19",77,9.5,220
653,55191,"2010-04-19",72,9.5,220
653,55191,"2010-04-19",82,9.5,220
653,55191,"2010-04-19",80,9.5,220
653,55191,"2010-04-21",76,11.5,220
653,55191,"2010-04-21",80,11.5,220
653,55191,"2010-05-03",89,23.5,220
670,55192,"2010-04-15",75,5.5,221
670,55192,"2010-04-15",83,5.5,221
670,55192,"2010-04-15",77,5.5,221
670,55192,"2010-04-15",71,5.5,221
670,55192,"2010-04-15",74,5.5,221
670,55192,"2010-04-15",76,5.5,221
670,55192,"2010-04-15",69,5.5,221
670,55192,"2010-04-16",70,6.5,221
670,55192,"2010-04-16",77,6.5,221
670,55192,"2010-04-16",76,6.5,221
670,55192,"2010-04-16",72,6.5,221
670,55192,"2010-04-16",80,6.5,221
670,55192,"2010-04-16",79,6.5,221
670,55192,"2010-04-16",78,6.5,221
670,55192,"2010-04-16",71,6.5,221
670,55192,"2010-04-16",82,6.5,221
670,55192,"2010-04-16",74,6.5,221
670,55192,"2010-04-16",69,6.5,221
670,55192,"2010-04-16",84,6.5,221
670,55192,"2010-04-17",60,7.5,221
670,55192,"2010-04-17",85,7.5,221
670,55192,"2010-04-17",75,7.5,221
670,55192,"2010-04-17",74,7.5,221
670,55192,"2010-04-17",73,7.5,221
670,55192,"2010-04-19",80,9.5,221
670,55192,"2010-04-19",77,9.5,221
670,55192,"2010-04-19",74,9.5,221
670,55192,"2010-04-19",72,9.5,221
670,55192,"2010-04-19",82,9.5,221
670,55192,"2010-04-21",77,11.5,221
670,55192,"2010-04-21",80,11.5,221
670,55192,"2010-04-21",88,11.5,221
670,55192,"2010-05-03",85,23.5,221
670,55192,"2010-05-03",82,23.5,221
673,55197,"2010-04-14",76,4.5,222
673,55197,"2010-04-14",72,4.5,222
673,55197,"2010-04-15",75,5.5,222
673,55197,"2010-04-15",73,5.5,222
673,55197,"2010-04-15",81,5.5,222
673,55197,"2010-04-15",70,5.5,222
673,55197,"2010-04-15",80,5.5,222
673,55197,"2010-04-15",71,5.5,222
673,55197,"2010-04-15",79,5.5,222
673,55197,"2010-04-15",76,5.5,222
673,55197,"2010-04-16",75,6.5,222
673,55197,"2010-04-16",82,6.5,222
673,55197,"2010-04-16",85,6.5,222
673,55197,"2010-04-16",73,6.5,222
673,55197,"2010-04-16",68,6.5,222
673,55197,"2010-04-16",80,6.5,222
673,55197,"2010-04-16",72,6.5,222
673,55197,"2010-04-16",76,6.5,222
673,55197,"2010-04-16",70,6.5,222
673,55197,"2010-04-16",69,6.5,222
673,55197,"2010-04-16",71,6.5,222
673,55197,"2010-04-16",79,6.5,222
673,55197,"2010-04-16",74,6.5,222
673,55197,"2010-04-17",84,7.5,222
673,55197,"2010-04-17",78,7.5,222
673,55197,"2010-04-17",79,7.5,222
673,55197,"2010-04-17",76,7.5,222
673,55197,"2010-04-17",82,7.5,222
673,55197,"2010-04-17",72,7.5,222
673,55197,"2010-04-17",73,7.5,222
673,55197,"2010-04-17",70,7.5,222
673,55197,"2010-04-19",74,9.5,222
673,55197,"2010-04-19",78,9.5,222
673,55197,"2010-04-19",80,9.5,222
673,55197,"2010-04-19",77,9.5,222
673,55197,"2010-04-19",73,9.5,222
673,55197,"2010-04-19",79,9.5,222
673,55197,"2010-04-19",82,9.5,222
673,55197,"2010-04-21",84,11.5,222
673,55197,"2010-04-30",80,20.5,222
673,55197,"2010-04-30",85,20.5,222
673,55197,"2010-04-30",78,20.5,222
674,55181,"2010-04-15",78,6.5,223
674,55181,"2010-04-15",77,6.5,223
674,55181,"2010-04-15",75,6.5,223
674,55181,"2010-04-15",82,6.5,223
674,55181,"2010-04-15",76,6.5,223
674,55181,"2010-04-15",80,6.5,223
674,55181,"2010-04-15",81,6.5,223
674,55181,"2010-04-15",79,6.5,223
674,55181,"2010-04-16",82,7.5,223
674,55181,"2010-04-16",75,7.5,223
674,55181,"2010-04-16",84,7.5,223
674,55181,"2010-04-16",69,7.5,223
674,55181,"2010-04-16",72,7.5,223
674,55181,"2010-04-16",76,7.5,223
674,55181,"2010-04-16",73,7.5,223
674,55181,"2010-04-16",85,7.5,223
674,55181,"2010-04-17",83,8.5,223
674,55181,"2010-04-17",65,8.5,223
674,55181,"2010-04-17",73,8.5,223
674,55181,"2010-04-17",76,8.5,223
674,55181,"2010-04-17",75,8.5,223
674,55181,"2010-04-17",82,8.5,223
674,55181,"2010-04-19",73,10.5,223
674,55181,"2010-04-19",69,10.5,223
674,55181,"2010-04-19",76,10.5,223
674,55181,"2010-04-19",74,10.5,223
674,55181,"2010-04-19",80,10.5,223
674,55181,"2010-04-19",71,10.5,223
697,55190,"2010-04-14",79,4.5,224
697,55190,"2010-04-15",77,5.5,224
697,55190,"2010-04-15",81,5.5,224
697,55190,"2010-04-15",79,5.5,224
697,55190,"2010-04-15",74,5.5,224
697,55190,"2010-04-15",70,5.5,224
697,55190,"2010-04-15",84,5.5,224
697,55190,"2010-04-15",75,5.5,224
697,55190,"2010-04-15",80,5.5,224
697,55190,"2010-04-15",73,5.5,224
697,55190,"2010-04-15",83,5.5,224
697,55190,"2010-04-15",72,5.5,224
697,55190,"2010-04-16",76,6.5,224
697,55190,"2010-04-16",70,6.5,224
697,55190,"2010-04-16",75,6.5,224
697,55190,"2010-04-16",73,6.5,224
697,55190,"2010-04-16",72,6.5,224
697,55190,"2010-04-16",77,6.5,224
697,55190,"2010-04-16",78,6.5,224
697,55190,"2010-04-17",72,7.5,224
697,55190,"2010-04-17",77,7.5,224
697,55190,"2010-04-17",78,7.5,224
697,55190,"2010-04-17",84,7.5,224
697,55190,"2010-04-17",76,7.5,224
697,55190,"2010-04-17",73,7.5,224
697,55190,"2010-04-19",73,9.5,224
697,55190,"2010-04-19",76,9.5,224
697,55190,"2010-04-19",80,9.5,224
697,55190,"2010-04-19",74,9.5,224
697,55190,"2010-04-19",82,9.5,224
697,55190,"2010-04-21",77,11.5,224
697,55190,"2010-04-21",82,11.5,224
697,55190,"2010-04-21",91,11.5,224
697,55190,"2010-04-30",88,20.5,224
720,55182,"2010-04-14",84,5.5,225
720,55182,"2010-04-14",75,5.5,225
720,55182,"2010-04-15",80,6.5,225
720,55182,"2010-04-15",79,6.5,225
720,55182,"2010-04-15",78,6.5,225
720,55182,"2010-04-15",83,6.5,225
720,55182,"2010-04-15",84,6.5,225
720,55182,"2010-04-15",74,6.5,225
720,55186,"2010-04-15",80,6.5,225
720,55186,"2010-04-15",70,6.5,225
720,55186,"2010-04-15",79,6.5,225
720,55186,"2010-04-15",64,6.5,225
720,55186,"2010-04-15",74,6.5,225
720,55186,"2010-04-15",83,6.5,225
720,55186,"2010-04-15",69,6.5,225
720,55186,"2010-04-15",76,6.5,225
720,55186,"2010-04-15",84,6.5,225
720,55182,"2010-04-16",70,7.5,225
720,55182,"2010-04-16",77,7.5,225
720,55182,"2010-04-16",84,7.5,225
720,55182,"2010-04-16",86,7.5,225
720,55182,"2010-04-16",71,7.5,225
720,55182,"2010-04-16",75,7.5,225
720,55182,"2010-04-16",76,7.5,225
720,55186,"2010-04-16",80,7.5,225
720,55186,"2010-04-16",75,7.5,225
720,55186,"2010-04-16",77,7.5,225
720,55186,"2010-04-16",94,7.5,225
720,55186,"2010-04-16",71,7.5,225
720,55186,"2010-04-16",76,7.5,225
720,55186,"2010-04-16",78,7.5,225
720,55186,"2010-04-16",68,7.5,225
720,55186,"2010-04-16",72,7.5,225
720,55186,"2010-04-16",88,7.5,225
720,55186,"2010-04-16",74,7.5,225
720,55186,"2010-04-16",79,7.5,225
720,55182,"2010-04-17",75,8.5,225
720,55182,"2010-04-17",77,8.5,225
720,55182,"2010-04-17",74,8.5,225
720,55182,"2010-04-17",70,8.5,225
720,55182,"2010-04-17",82,8.5,225
720,55186,"2010-04-17",86,8.5,225
720,55186,"2010-04-17",75,8.5,225
720,55186,"2010-04-17",81,8.5,225
720,55186,"2010-04-17",74,8.5,225
720,55182,"2010-04-19",70,10.5,225
720,55182,"2010-04-19",77,10.5,225
720,55186,"2010-04-19",83,10.5,225
720,55186,"2010-04-19",81,10.5,225
720,55186,"2010-04-19",76,10.5,225
720,55186,"2010-04-19",78,10.5,225
720,55182,"2010-04-28",87,19.5,225
720,55182,"2010-04-30",90,21.5,225
720,55182,"2010-04-30",91,21.5,225
729,55185,"2010-04-15",81,6.5,226
729,55185,"2010-04-15",79,6.5,226
729,55185,"2010-04-15",85,6.5,226
729,55185,"2010-04-15",83,6.5,226
729,55185,"2010-04-15",84,6.5,226
729,55185,"2010-04-15",75,6.5,226
729,55185,"2010-04-15",70,6.5,226
729,55185,"2010-04-15",86,6.5,226
729,55185,"2010-04-15",80,6.5,226
729,55185,"2010-04-16",73,7.5,226
729,55185,"2010-04-16",91,7.5,226
729,55185,"2010-04-16",74,7.5,226
729,55185,"2010-04-16",80,7.5,226
729,55185,"2010-04-16",70,7.5,226
729,55185,"2010-04-16",68,7.5,226
729,55185,"2010-04-16",71,7.5,226
729,55185,"2010-04-16",72,7.5,226
729,55185,"2010-04-16",76,7.5,226
729,55185,"2010-04-16",79,7.5,226
729,55185,"2010-04-16",81,7.5,226
729,55185,"2010-04-16",78,7.5,226
729,55185,"2010-04-17",83,8.5,226
729,55185,"2010-04-17",80,8.5,226
729,55185,"2010-04-17",74,8.5,226
729,55185,"2010-04-17",75,8.5,226
729,55185,"2010-04-19",82,10.5,226
729,55185,"2010-04-19",73,10.5,226
729,55185,"2010-04-19",75,10.5,226
729,55185,"2010-04-19",80,10.5,226
729,55185,"2010-04-19",71,10.5,226
729,55185,"2010-04-30",85,21.5,226
729,55185,"2010-04-30",82,21.5,226
731,55189,"2010-04-14",80,5.5,227
731,55189,"2010-04-15",84,6.5,227
731,55189,"2010-04-15",83,6.5,227
731,55189,"2010-04-15",80,6.5,227
731,55189,"2010-04-15",76,6.5,227
731,55189,"2010-04-15",81,6.5,227
731,55189,"2010-04-16",82,7.5,227
731,55189,"2010-04-16",80,7.5,227
731,55189,"2010-04-16",75,7.5,227
731,55189,"2010-04-16",76,7.5,227
731,55189,"2010-04-16",70,7.5,227
731,55189,"2010-04-16",72,7.5,227
731,55189,"2010-04-16",71,7.5,227
731,55189,"2010-04-16",77,7.5,227
731,55189,"2010-04-16",84,7.5,227
731,55189,"2010-04-16",74,7.5,227
731,55189,"2010-04-16",69,7.5,227
731,55189,"2010-04-16",85,7.5,227
731,55189,"2010-04-17",73,8.5,227
731,55189,"2010-04-17",81,8.5,227
731,55189,"2010-04-17",80,8.5,227
731,55189,"2010-04-17",76,8.5,227
731,55189,"2010-04-17",70,8.5,227
731,55189,"2010-04-17",74,8.5,227
731,55189,"2010-04-17",75,8.5,227
731,55189,"2010-04-17",78,8.5,227
731,55189,"2010-04-19",80,10.5,227
731,55189,"2010-04-19",75,10.5,227
731,55189,"2010-04-19",79,10.5,227
731,55189,"2010-04-19",78,10.5,227
731,55189,"2010-04-21",81,12.5,227
731,55189,"2010-04-30",87,21.5,227
734,55180,"2010-04-14",82,5.5,228
734,55180,"2010-04-15",75,6.5,228
734,55180,"2010-04-15",80,6.5,228
734,55180,"2010-04-15",77,6.5,228
734,55180,"2010-04-15",84,6.5,228
734,55180,"2010-04-15",82,6.5,228
734,55180,"2010-04-15",71,6.5,228
734,55180,"2010-04-15",85,6.5,228
734,55180,"2010-04-16",72,7.5,228
734,55180,"2010-04-16",75,7.5,228
734,55180,"2010-04-16",80,7.5,228
734,55180,"2010-04-16",74,7.5,228
734,55180,"2010-04-16",77,7.5,228
734,55180,"2010-04-16",81,7.5,228
734,55180,"2010-04-16",78,7.5,228
734,55180,"2010-04-17",78,8.5,228
734,55180,"2010-04-17",77,8.5,228
734,55180,"2010-04-17",71,8.5,228
734,55180,"2010-04-19",80,10.5,228
734,55180,"2010-04-19",75,10.5,228
734,55180,"2010-04-19",72,10.5,228
734,55180,"2010-04-19",74,10.5,228
734,55180,"2010-04-19",73,10.5,228
734,55180,"2010-04-19",78,10.5,228
734,55180,"2010-04-21",82,12.5,228
734,55180,"2010-04-28",70,19.5,228
783,55183,"2010-04-14",77,5.5,229
783,55183,"2010-04-15",79,6.5,229
783,55183,"2010-04-15",80,6.5,229
783,55183,"2010-04-15",84,6.5,229
783,55183,"2010-04-15",82,6.5,229
783,55183,"2010-04-15",83,6.5,229
783,55183,"2010-04-15",74,6.5,229
783,55183,"2010-04-15",91,6.5,229
783,55183,"2010-04-16",81,7.5,229
783,55183,"2010-04-16",79,7.5,229
783,55183,"2010-04-16",76,7.5,229
783,55183,"2010-04-16",80,7.5,229
783,55183,"2010-04-16",75,7.5,229
783,55183,"2010-04-16",74,7.5,229
783,55183,"2010-04-16",72,7.5,229
783,55183,"2010-04-16",71,7.5,229
783,55183,"2010-04-16",84,7.5,229
783,55183,"2010-04-16",73,7.5,229
783,55183,"2010-04-16",70,7.5,229
783,55183,"2010-04-16",85,7.5,229
783,55183,"2010-04-17",78,8.5,229
783,55183,"2010-04-17",82,8.5,229
783,55183,"2010-04-17",81,8.5,229
783,55183,"2010-04-17",80,8.5,229
783,55183,"2010-04-17",76,8.5,229
783,55183,"2010-04-19",78,10.5,229
783,55183,"2010-04-19",81,10.5,229
783,55183,"2010-04-19",77,10.5,229
783,55183,"2010-04-19",71,10.5,229
783,55183,"2010-04-19",83,10.5,229
783,55183,"2010-04-19",70,10.5,229
783,55183,"2010-04-23",77,14.5,229
822,55188,"2010-04-14",76,5.5,230
822,55188,"2010-04-15",72,6.5,230
822,55188,"2010-04-15",89,6.5,230
822,55188,"2010-04-15",74,6.5,230
822,55188,"2010-04-15",82,6.5,230
822,55188,"2010-04-15",77,6.5,230
822,55188,"2010-04-15",83,6.5,230
822,55188,"2010-04-15",85,6.5,230
822,55188,"2010-04-15",80,6.5,230
822,55188,"2010-04-15",73,6.5,230
822,55188,"2010-04-15",75,6.5,230
822,55188,"2010-04-15",79,6.5,230
822,55188,"2010-04-16",71,7.5,230
822,55188,"2010-04-16",80,7.5,230
822,55188,"2010-04-16",78,7.5,230
822,55188,"2010-04-16",79,7.5,230
822,55188,"2010-04-16",76,7.5,230
822,55188,"2010-04-16",73,7.5,230
822,55188,"2010-04-16",75,7.5,230
822,55188,"2010-04-16",82,7.5,230
822,55188,"2010-04-17",85,8.5,230
822,55188,"2010-04-17",76,8.5,230
822,55188,"2010-04-17",87,8.5,230
822,55188,"2010-04-17",82,8.5,230
822,55188,"2010-04-17",79,8.5,230
822,55188,"2010-04-19",80,10.5,230
822,55188,"2010-04-19",72,10.5,230
822,55188,"2010-04-19",76,10.5,230
822,55188,"2010-04-19",79,10.5,230
840,55179,"2010-04-15",80,6.5,231
840,55179,"2010-04-15",69,6.5,231
840,55179,"2010-04-15",82,6.5,231
840,55179,"2010-04-15",88,6.5,231
840,55179,"2010-04-15",85,6.5,231
840,55179,"2010-04-15",76,6.5,231
840,55179,"2010-04-15",77,6.5,231
840,55179,"2010-04-15",86,6.5,231
840,55179,"2010-04-15",78,6.5,231
840,55179,"2010-04-15",70,6.5,231
840,55179,"2010-04-15",83,6.5,231
840,55179,"2010-04-16",75,7.5,231
840,55179,"2010-04-16",76,7.5,231
840,55179,"2010-04-16",70,7.5,231
840,55179,"2010-04-16",74,7.5,231
840,55179,"2010-04-16",79,7.5,231
840,55179,"2010-04-16",84,7.5,231
840,55179,"2010-04-17",77,8.5,231
840,55179,"2010-04-19",82,10.5,231
840,55179,"2010-04-19",84,10.5,231
840,55179,"2010-04-19",79,10.5,231
840,55179,"2010-05-03",89,24.5,231
436,55383,"2011-05-04",74,5.5,232
436,55383,"2011-05-12",79,13.5,232
436,55383,"2011-05-12",73,13.5,232
436,55383,"2011-05-29",91,30.5,232
439,55387,"2011-05-09",74,10.5,233
442,55386,"2011-05-06",71,7.5,234
534,55392,"2011-04-28",72,5.5,235
534,55392,"2011-04-29",71,6.5,235
534,55392,"2011-04-29",72,6.5,235
534,55392,"2011-04-29",70,6.5,235
534,55392,"2011-04-29",75,6.5,235
534,55392,"2011-04-30",80,7.5,235
534,55392,"2011-04-30",73,7.5,235
534,55392,"2011-04-30",77,7.5,235
534,55392,"2011-05-02",76,9.5,235
534,55392,"2011-05-02",78,9.5,235
535,55396,"2011-04-29",81,6.5,236
535,55396,"2011-04-30",75,7.5,236
535,55396,"2011-04-30",84,7.5,236
535,55396,"2011-04-30",76,7.5,236
535,55396,"2011-05-04",78,11.5,236
535,55396,"2011-05-20",78,27.5,236
535,55396,"2011-05-21",80,28.5,236
536,55375,"2011-04-21",73,6.5,237
536,55375,"2011-04-21",70,6.5,237
536,55375,"2011-04-22",80,7.5,237
536,55375,"2011-04-25",79,10.5,237
536,55375,"2011-04-25",76,10.5,237
536,55375,"2011-04-26",80,11.5,237
536,55375,"2011-04-30",80,15.5,237
537,55394,"2011-04-27",76,4.5,238
537,55393,"2011-04-28",78,5.5,238
537,55394,"2011-04-29",75,6.5,238
537,55394,"2011-04-29",82,6.5,238
537,55395,"2011-04-29",79,6.5,238
537,55395,"2011-04-29",71,6.5,238
537,55395,"2011-04-29",80,6.5,238
537,55393,"2011-04-30",71,7.5,238
537,55393,"2011-04-30",72,7.5,238
537,55393,"2011-04-30",74,7.5,238
537,55393,"2011-04-30",75,7.5,238
537,55394,"2011-04-30",75,7.5,238
537,55395,"2011-04-30",68,7.5,238
537,55395,"2011-04-30",78,7.5,238
537,55395,"2011-04-30",79,7.5,238
537,55395,"2011-04-30",77,7.5,238
537,55393,"2011-05-02",76,9.5,238
537,55393,"2011-05-02",78,9.5,238
537,55393,"2011-05-02",80,9.5,238
537,55393,"2011-05-02",79,9.5,238
537,55394,"2011-05-02",76,9.5,238
537,55394,"2011-05-02",75,9.5,238
537,55394,"2011-05-02",81,9.5,238
537,55394,"2011-05-02",77,9.5,238
537,55395,"2011-05-02",79,9.5,238
537,55395,"2011-05-02",77,9.5,238
537,55395,"2011-05-04",84,11.5,238
537,55393,"2011-05-09",84,16.5,238
538,55385,"2011-05-09",76,10.5,239
538,55384,"2011-05-12",81,13.5,239
538,55385,"2011-05-12",81,13.5,239
540,55377,"2011-04-21",80,6.5,240
540,55377,"2011-04-21",82,6.5,240
540,55377,"2011-04-21",78,6.5,240
540,55377,"2011-04-22",76,7.5,240
540,55377,"2011-04-22",77,7.5,240
540,55377,"2011-04-22",81,7.5,240
540,55377,"2011-04-23",75,8.5,240
540,55377,"2011-04-25",82,10.5,240
540,55377,"2011-04-26",83,11.5,240
540,55377,"2011-04-27",82,12.5,240
540,55377,"2011-04-28",73,13.5,240
540,55377,"2011-04-30",74,15.5,240
540,55377,"2011-05-02",79,17.5,240
541,55390,"2011-05-04",78,5.5,241
541,55388,"2011-05-06",78,7.5,241
541,55390,"2011-05-06",73,7.5,241
541,55390,"2011-05-09",82,10.5,241
541,55388,"2011-05-27",82,28.5,241
543,55379,"2011-04-20",69,5.5,242
543,55379,"2011-04-21",80,6.5,242
543,55379,"2011-04-21",70,6.5,242
543,55379,"2011-04-21",77,6.5,242
543,55379,"2011-04-21",78,6.5,242
543,55379,"2011-04-21",82,6.5,242
543,55379,"2011-04-25",80,10.5,242
543,55379,"2011-04-25",73,10.5,242
543,55379,"2011-04-25",77,10.5,242
543,55379,"2011-04-26",79,11.5,242
543,55379,"2011-04-26",77,11.5,242
543,55379,"2011-04-29",79,14.5,242
543,55379,"2011-04-30",75,15.5,242
543,55379,"2011-05-02",73,17.5,242
543,55379,"2011-05-02",81,17.5,242
543,55379,"2011-05-02",75,17.5,242
545,55372,"2011-04-26",78,4.5,243
545,55372,"2011-04-29",84,7.5,243
545,55372,"2011-04-29",80,7.5,243
545,55372,"2011-04-30",71,8.5,243
545,55372,"2011-04-30",77,8.5,243
545,55372,"2011-05-02",82,10.5,243
545,55372,"2011-05-02",77,10.5,243
546,55389,"2011-05-04",75,5.5,244
547,55381,"2011-04-19",82,4.5,245
547,55381,"2011-04-19",78,4.5,245
547,55381,"2011-04-21",78,6.5,245
547,55381,"2011-04-21",79,6.5,245
547,55381,"2011-04-21",84,6.5,245
547,55381,"2011-04-21",80,6.5,245
547,55381,"2011-04-22",79,7.5,245
547,55381,"2011-04-22",80,7.5,245
547,55381,"2011-04-22",84,7.5,245
547,55381,"2011-04-22",86,7.5,245
547,55381,"2011-04-23",80,8.5,245
547,55381,"2011-04-23",76,8.5,245
547,55381,"2011-04-25",75,10.5,245
547,55381,"2011-04-25",82,10.5,245
547,55381,"2011-04-25",85,10.5,245
547,55381,"2011-04-26",80,11.5,245
547,55381,"2011-04-26",88,11.5,245
547,55381,"2011-04-30",81,15.5,245
548,55370,"2011-04-27",84,5.5,246
548,55370,"2011-04-29",70,7.5,246
548,55370,"2011-04-29",80,7.5,246
548,55370,"2011-04-30",82,8.5,246
548,55370,"2011-04-30",75,8.5,246
548,55370,"2011-04-30",81,8.5,246
548,55370,"2011-04-30",84,8.5,246
548,55370,"2011-04-30",67,8.5,246
548,55370,"2011-05-02",85,10.5,246
548,55370,"2011-05-02",84,10.5,246
548,55370,"2011-05-02",76,10.5,246
740,55382,"2011-04-20",74,5.5,247
740,55382,"2011-04-20",84,5.5,247
740,55382,"2011-04-20",83,5.5,247
740,55382,"2011-04-21",79,6.5,247
740,55382,"2011-04-21",82,6.5,247
740,55382,"2011-04-21",80,6.5,247
740,55382,"2011-04-21",71,6.5,247
740,55382,"2011-04-21",81,6.5,247
740,55382,"2011-04-21",77,6.5,247
740,55382,"2011-04-21",83,6.5,247
740,55382,"2011-04-21",86,6.5,247
740,55382,"2011-04-21",87,6.5,247
740,55382,"2011-04-21",84,6.5,247
740,55382,"2011-04-21",85,6.5,247
740,55382,"2011-04-22",79,7.5,247
740,55382,"2011-04-22",83,7.5,247
740,55382,"2011-04-23",87,8.5,247
740,55382,"2011-04-25",80,10.5,247
740,55382,"2011-04-29",80,14.5,247
740,55382,"2011-05-02",72,17.5,247
741,55369,"2011-04-26",71,4.5,248
741,55374,"2011-04-26",84,4.5,248
741,55374,"2011-04-26",73,4.5,248
741,55369,"2011-04-27",73,5.5,248
741,55374,"2011-04-27",78,5.5,248
741,55374,"2011-04-27",84,5.5,248
741,55369,"2011-04-29",79,7.5,248
741,55374,"2011-04-29",82,7.5,248
741,55374,"2011-04-29",80,7.5,248
741,55369,"2011-04-30",75,8.5,248
741,55369,"2011-04-30",81,8.5,248
741,55374,"2011-04-30",84,8.5,248
741,55374,"2011-04-30",91,8.5,248
741,55374,"2011-04-30",76,8.5,248
741,55374,"2011-04-30",65,8.5,248
741,55374,"2011-05-02",73,10.5,248
741,55369,"2011-05-04",80,12.5,248
748,55376,"2011-04-20",84,5.5,249
748,55380,"2011-04-20",81,5.5,249
748,55380,"2011-04-20",88,5.5,249
748,55376,"2011-04-21",80,6.5,249
748,55376,"2011-04-21",83,6.5,249
748,55376,"2011-04-21",85,6.5,249
748,55376,"2011-04-21",78,6.5,249
748,55376,"2011-04-21",82,6.5,249
748,55376,"2011-04-21",75,6.5,249
748,55376,"2011-04-21",88,6.5,249
748,55380,"2011-04-21",74,6.5,249
748,55380,"2011-04-21",79,6.5,249
748,55380,"2011-04-21",85,6.5,249
748,55380,"2011-04-21",80,6.5,249
748,55380,"2011-04-21",83,6.5,249
748,55380,"2011-04-21",84,6.5,249
748,55376,"2011-04-22",84,7.5,249
748,55376,"2011-04-22",74,7.5,249
748,55376,"2011-04-22",86,7.5,249
748,55376,"2011-04-22",76,7.5,249
748,55380,"2011-04-22",75,7.5,249
748,55380,"2011-04-22",69,7.5,249
748,55380,"2011-04-22",85,7.5,249
748,55376,"2011-04-23",85,8.5,249
748,55376,"2011-04-25",78,10.5,249
748,55376,"2011-04-25",79,10.5,249
748,55380,"2011-04-25",85,10.5,249
748,55376,"2011-04-26",83,11.5,249
748,55376,"2011-04-26",80,11.5,249
748,55380,"2011-04-27",84,12.5,249
748,55380,"2011-05-02",76,17.5,249
748,55380,"2011-05-06",80,21.5,249
749,55373,"2011-04-28",75,6.5,250
749,55373,"2011-04-29",77,7.5,250
749,55373,"2011-05-02",76,10.5,250
749,55373,"2011-05-02",83,10.5,250
749,55373,"2011-05-02",87,10.5,250
749,55373,"2011-05-02",74,10.5,250
641,55504,"2012-04-27",86,7.5,251
641,55504,"2012-04-28",66,8.5,251
641,55504,"2012-04-30",80,10.5,251
641,55504,"2012-05-01",84,11.5,251
642,55513,"2012-05-04",82,13.5,252
711,55505,"2012-04-25",74,5.5,253
711,55505,"2012-04-27",75,7.5,253
711,55505,"2012-04-28",80,8.5,253
711,55505,"2012-05-08",86,18.5,253
744,55514,"2012-04-25",76,4.5,254
744,55514,"2012-04-27",87,6.5,254
744,55514,"2012-05-01",85,10.5,254
750,55507,"2012-04-30",77,10.5,255
750,55507,"2012-04-30",81,10.5,255
750,55507,"2012-05-07",87,17.5,255
752,55499,"2012-04-25",76,5.5,256
752,55499,"2012-04-27",80,7.5,256
752,55499,"2012-04-27",79,7.5,256
752,55499,"2012-04-28",81,8.5,256
752,55499,"2012-05-01",81,11.5,256
796,55509,"2012-04-25",85,5.5,257
796,55508,"2012-04-27",86,7.5,257
796,55509,"2012-04-27",77,7.5,257
796,55506,"2012-04-28",78,8.5,257
796,55508,"2012-05-01",86,11.5,257
796,55508,"2012-05-04",84,14.5,257
796,55508,"2012-05-07",87,17.5,257
796,55508,"2012-05-08",76,18.5,257
799,55512,"2012-04-24",79,4.5,258
799,55512,"2012-04-25",83,5.5,258
799,55512,"2012-05-01",79,11.5,258
799,55512,"2012-05-01",77,11.5,258
799,55512,"2012-05-02",80,12.5,258
799,55512,"2012-05-07",89,17.5,258
799,55512,"2012-05-08",84,18.5,258
817,55510,"2012-04-24",80,4.5,259
817,55510,"2012-04-25",84,5.5,259
817,55510,"2012-04-25",81,5.5,259
817,55510,"2012-04-27",80,7.5,259
817,55510,"2012-05-07",87,17.5,259
836,55511,"2012-04-25",85,5.5,260
836,55511,"2012-04-27",84,7.5,260
836,55511,"2012-04-27",80,7.5,260
836,55511,"2012-05-02",89,12.5,260
836,55511,"2012-05-14",99,24.5,260
859,55498,"2012-04-24",80,4.5,261
859,55498,"2012-05-01",86,11.5,261
859,55498,"2012-05-01",88,11.5,261
865,55496,"2012-04-24",89,4.5,262
865,55496,"2012-04-27",83,7.5,262
865,55496,"2012-05-02",86,12.5,262
865,55496,"2012-05-07",88,17.5,262
876,55497,"2012-04-25",81,5.5,263
876,55497,"2012-04-25",78,5.5,263
876,55497,"2012-05-01",90,11.5,263
877,55495,"2012-04-27",83,7.5,264
877,55495,"2012-04-27",80,7.5,264
429,55526,"2012-05-07",76,5.5,265
429,55526,"2012-05-09",68,7.5,265
429,55526,"2012-05-09",66,7.5,265
429,55526,"2012-05-10",72,8.5,265
429,55526,"2012-05-11",72,9.5,265
450,55525,"2012-05-07",68,5.5,266
450,55525,"2012-05-09",71,7.5,266
450,55525,"2012-05-10",74,8.5,266
450,55525,"2012-05-10",71,8.5,266
497,55524,"2012-05-07",79,5.5,267
497,55524,"2012-05-08",76,6.5,267
497,55524,"2012-05-10",74,8.5,267
497,55524,"2012-05-11",63,9.5,267
497,55524,"2012-05-11",74,9.5,267
497,55524,"2012-05-11",75,9.5,267
686,55520,"2012-05-07",86,5.5,268
686,55520,"2012-05-07",79,5.5,268
686,55520,"2012-05-08",77,6.5,268
686,55520,"2012-05-08",64,6.5,268
686,55520,"2012-05-08",84,6.5,268
686,55520,"2012-05-09",80,7.5,268
745,55519,"2012-05-07",87,5.5,269
745,55519,"2012-05-07",79,5.5,269
745,55519,"2012-05-07",88,5.5,269
745,55519,"2012-05-08",80,6.5,269
745,55519,"2012-05-09",88,7.5,269
745,55519,"2012-05-09",83,7.5,269
745,55519,"2012-05-10",89,8.5,269
745,55519,"2012-05-11",88,9.5,269
745,55519,"2012-05-14",82,12.5,269
791,55523,"2012-05-07",69,5.5,270
791,55523,"2012-05-07",75,5.5,270
791,55523,"2012-05-07",71,5.5,270
791,55523,"2012-05-07",76,5.5,270
791,55523,"2012-05-08",77,6.5,270
791,55523,"2012-05-08",74,6.5,270
791,55523,"2012-05-09",69,7.5,270
791,55523,"2012-05-10",77,8.5,270
791,55523,"2012-05-10",75,8.5,270
791,55523,"2012-05-10",81,8.5,270
791,55523,"2012-05-10",76,8.5,270
791,55523,"2012-05-11",72,9.5,270
791,55523,"2012-05-14",80,12.5,270
811,55522,"2012-05-07",86,5.5,271
811,55522,"2012-05-07",81,5.5,271
811,55522,"2012-05-07",83,5.5,271
811,55522,"2012-05-07",73,5.5,271
811,55522,"2012-05-07",80,5.5,271
811,55522,"2012-05-08",84,6.5,271
811,55522,"2012-05-08",81,6.5,271
811,55522,"2012-05-09",79,7.5,271
811,55522,"2012-05-11",82,9.5,271
812,55521,"2012-05-07",83,5.5,272
812,55521,"2012-05-07",84,5.5,272
812,55521,"2012-05-09",79,7.5,272
812,55521,"2012-05-09",78,7.5,272
812,55521,"2012-05-09",88,7.5,272
812,55521,"2012-05-11",76,9.5,272
812,55521,"2012-05-11",80,9.5,272
815,55517,"2012-05-07",84,5.5,273
815,55517,"2012-05-07",80,5.5,273
815,55517,"2012-05-08",81,6.5,273
815,55517,"2012-05-09",81,7.5,273
815,55517,"2012-05-11",89,9.5,273
843,55515,"2012-05-07",86,5.5,274
843,55515,"2012-05-07",81,5.5,274
843,55515,"2012-05-07",85,5.5,274
843,55515,"2012-05-10",84,8.5,274
858,55516,"2012-05-07",83,5.5,275
858,55518,"2012-05-07",87,5.5,275
858,55518,"2012-05-07",78,5.5,275
858,55518,"2012-05-07",82,5.5,275
858,55516,"2012-05-08",85,6.5,275
858,55516,"2012-05-08",83,6.5,275
858,55518,"2012-05-08",86,6.5,275
858,55518,"2012-05-09",80,7.5,275
858,55518,"2012-05-14",88,12.5,275
858,55518,"2012-05-14",74,12.5,275
598,55699,"2014-04-11",76,6.5,289
598,55699,"2014-04-11",74,6.5,289
705,55698,"2014-04-11",79,6.5,290
705,55698,"2014-04-11",73,6.5,290
705,55698,"2014-04-11",75,6.5,290
792,55708,"2014-04-11",79,6.5,291
792,55708,"2014-04-11",82,6.5,291
792,55708,"2014-04-11",74,6.5,291
792,55708,"2014-04-11",77,6.5,291
792,55708,"2014-04-11",76,6.5,291
844,55709,"2014-04-11",90,6.5,292
844,55709,"2014-04-11",86,6.5,292
844,55709,"2014-04-11",88,6.5,292
844,55709,"2014-04-11",83,6.5,292
844,55709,"2014-04-11",80,6.5,292
844,55709,"2014-04-11",79,6.5,292
844,55709,"2014-04-11",77,6.5,292
428,55956,"2016-03-27",71,12.5,293
428,55956,"2016-03-28",72,13.5,293
428,55956,"2016-03-28",76,13.5,293
428,55956,"2016-03-28",75,13.5,293
428,55956,"2016-03-28",69,13.5,293
428,55956,"2016-04-01",78,17.5,293
428,55956,"2016-04-01",77,17.5,293
428,55956,"2016-04-01",81,17.5,293
428,55956,"2016-04-01",79,17.5,293
428,55956,"2016-04-01",80,17.5,293
428,55956,"2016-04-02",82,18.5,293
428,55956,"2016-04-02",78,18.5,293
428,55956,"2016-04-03",77,19.5,293
428,55956,"2016-04-03",78,19.5,293
428,55956,"2016-04-03",79,19.5,293
428,55956,"2016-04-03",82,19.5,293
428,55956,"2016-04-05",78,21.5,293
428,55956,"2016-04-05",76,21.5,293
428,55956,"2016-04-05",77,21.5,293
428,55956,"2016-04-06",76,22.5,293
428,55956,"2016-04-06",80,22.5,293
428,55956,"2016-04-08",77,24.5,293
428,55956,"2016-04-08",81,24.5,293
451,55962,"2016-04-01",77,9.5,294
451,55962,"2016-04-01",68,9.5,294
451,55962,"2016-04-02",70,10.5,294
451,55962,"2016-04-02",73,10.5,294
451,55962,"2016-04-04",73,12.5,294
451,55962,"2016-04-05",72,13.5,294
451,55962,"2016-04-05",76,13.5,294
451,55962,"2016-04-06",72,14.5,294
451,55962,"2016-04-06",73,14.5,294
451,55962,"2016-04-06",74,14.5,294
451,55962,"2016-04-06",79,14.5,294
451,55962,"2016-04-09",81,17.5,294
451,55962,"2016-04-11",78,19.5,294
451,55962,"2016-04-13",75,21.5,294
459,55959,"2016-03-30",74,7.5,295
459,55959,"2016-04-01",74,9.5,295
459,55959,"2016-04-01",79,9.5,295
459,55959,"2016-04-01",78,9.5,295
459,55959,"2016-04-02",75,10.5,295
459,55959,"2016-04-03",78,11.5,295
459,55959,"2016-04-03",82,11.5,295
459,55959,"2016-04-03",79,11.5,295
459,55959,"2016-04-04",73,12.5,295
459,55959,"2016-04-04",72,12.5,295
459,55959,"2016-04-05",73,13.5,295
459,55959,"2016-04-05",78,13.5,295
459,55959,"2016-04-05",80,13.5,295
459,55959,"2016-04-06",76,14.5,295
459,55959,"2016-04-06",81,14.5,295
459,55959,"2016-04-06",79,14.5,295
459,55959,"2016-04-08",81,16.5,295
459,55959,"2016-04-08",80,16.5,295
459,55959,"2016-04-09",72,17.5,295
459,55959,"2016-04-09",80,17.5,295
459,55959,"2016-04-11",77,19.5,295
459,55959,"2016-04-13",83,21.5,295
459,55959,"2016-04-13",71,21.5,295
469,55954,"2016-03-21",64,6.5,296
469,55954,"2016-03-27",76,12.5,296
469,55954,"2016-03-27",73,12.5,296
469,55954,"2016-03-28",75,13.5,296
469,55954,"2016-03-30",76,15.5,296
469,55954,"2016-04-01",85,17.5,296
469,55954,"2016-04-02",83,18.5,296
469,55954,"2016-04-03",81,19.5,296
469,55954,"2016-04-03",73,19.5,296
469,55954,"2016-04-03",82,19.5,296
469,55954,"2016-04-03",84,19.5,296
469,55954,"2016-04-04",76,20.5,296
469,55954,"2016-04-05",78,21.5,296
469,55954,"2016-04-05",80,21.5,296
507,55958,"2016-03-26",69,3.5,297
507,55958,"2016-03-27",75,4.5,297
507,55958,"2016-03-27",70,4.5,297
507,55958,"2016-03-28",76,5.5,297
507,55958,"2016-03-30",74,7.5,297
507,55958,"2016-04-01",75,9.5,297
507,55958,"2016-04-01",80,9.5,297
507,55958,"2016-04-01",85,9.5,297
507,55958,"2016-04-01",77,9.5,297
507,55958,"2016-04-01",78,9.5,297
507,55958,"2016-04-03",76,11.5,297
507,55958,"2016-04-03",83,11.5,297
507,55958,"2016-04-03",78,11.5,297
507,55958,"2016-04-03",75,11.5,297
507,55958,"2016-04-03",77,11.5,297
507,55958,"2016-04-04",81,12.5,297
507,55958,"2016-04-05",79,13.5,297
507,55958,"2016-04-05",77,13.5,297
507,55958,"2016-04-05",78,13.5,297
507,55958,"2016-04-06",78,14.5,297
507,55958,"2016-04-09",78,17.5,297
454,55979,"2016-05-06",74,6.5,299
454,55979,"2016-05-15",80,15.5,299
480,55978,"2016-05-12",80,12.5,302
555,55977,"2016-05-09",72,9.5,304
555,55977,"2016-05-11",81,11.5,304
555,55977,"2016-05-12",82,12.5,304
555,55977,"2016-05-12",80,12.5,304
567,55971,"2016-04-23",71,10.5,305
596,55969,"2016-04-12",74,4.5,306
596,55969,"2016-04-13",70,5.5,306
596,55969,"2016-05-12",81,34.5,306
615,55972,"2016-05-06",90,23.5,307
615,55972,"2016-05-12",88,29.5,307
636,55976,"2016-05-06",73,6.5,308
636,55976,"2016-05-06",75,6.5,308
636,55976,"2016-05-06",80,6.5,308
661,55965,"2016-04-12",81,4.5,309
738,55966,"2016-04-12",67,4.5,311
738,55966,"2016-04-12",75,4.5,311
738,55966,"2016-04-13",73,5.5,311
768,55963,"2016-04-12",70,4.5,312
768,55963,"2016-04-12",80,4.5,312
768,55963,"2016-04-13",76,5.5,312
827,55967,"2016-04-13",76,5.5,314
828,55964,"2016-04-12",84,4.5,315
828,55964,"2016-04-13",82,5.5,315
828,55964,"2016-04-13",76,5.5,315
869,55955,"2016-04-12",86,4.5,316
869,55955,"2016-04-12",83,4.5,316
875,55961,"2016-04-13",82,5.5,317
875,55961,"2016-04-13",76,5.5,317
875,55961,"2016-04-13",73,5.5,317
878,55960,"2016-04-12",81,4.5,318
878,55960,"2016-04-12",86,4.5,318
878,55960,"2016-04-13",80,5.5,318
878,55960,"2016-04-13",78,5.5,318
882,55957,"2016-04-13",87,5.5,319
882,55957,"2016-04-13",76,5.5,319
882,55957,"2016-04-13",80,5.5,319
882,55957,"2016-04-13",82,5.5,319
882,55957,"2016-04-13",79,5.5,319
887,55953,"2016-04-13",87,5.5,320
892,55952,"2016-04-12",90,4.5,321
892,55952,"2016-04-13",89,5.5,321
478,56064,"2017-03-25",68,2.5,322
478,56064,"2017-03-25",63,2.5,322
478,56064,"2017-03-27",67,4.5,322
478,56064,"2017-03-27",69,4.5,322
478,56064,"2017-03-27",72,4.5,322
478,56064,"2017-03-29",71,6.5,322
478,56064,"2017-03-29",72,6.5,322
478,56064,"2017-03-29",60,6.5,322
478,56064,"2017-03-29",70,6.5,322
478,56064,"2017-03-29",75,6.5,322
478,56064,"2017-03-29",65,6.5,322
478,56064,"2017-03-29",74,6.5,322
478,56064,"2017-03-29",68,6.5,322
478,56064,"2017-03-29",73,6.5,322
478,56064,"2017-03-30",73,7.5,322
478,56064,"2017-03-30",68,7.5,322
478,56064,"2017-03-30",75,7.5,322
478,56064,"2017-03-30",76,7.5,322
478,56064,"2017-03-30",71,7.5,322
478,56064,"2017-03-31",66,8.5,322
478,56064,"2017-03-31",69,8.5,322
478,56064,"2017-03-31",75,8.5,322
478,56064,"2017-03-31",76,8.5,322
478,56064,"2017-03-31",56,8.5,322
478,56064,"2017-03-31",62,8.5,322
478,56064,"2017-03-31",61,8.5,322
478,56064,"2017-03-31",60,8.5,322
478,56064,"2017-03-31",71,8.5,322
478,56064,"2017-03-31",77,8.5,322
478,56064,"2017-04-01",71,9.5,322
478,56064,"2017-04-01",73,9.5,322
478,56064,"2017-04-02",78,10.5,322
478,56064,"2017-04-03",71,11.5,322
478,56064,"2017-04-03",74,11.5,322
478,56064,"2017-04-03",72,11.5,322
478,56064,"2017-04-03",70,11.5,322
478,56064,"2017-04-04",73,12.5,322
478,56064,"2017-04-04",74,12.5,322
478,56064,"2017-04-06",75,14.5,322
478,56064,"2017-04-06",67,14.5,322
478,56064,"2017-04-07",80,15.5,322
478,56064,"2017-04-08",83,16.5,322
478,56064,"2017-04-12",73,20.5,322
478,56064,"2017-04-29",89,37.5,322
518,56063,"2017-03-26",69,3.5,323
518,56063,"2017-03-27",72,4.5,323
518,56063,"2017-03-27",66,4.5,323
518,56063,"2017-03-29",70,6.5,323
518,56063,"2017-03-29",71,6.5,323
518,56063,"2017-03-29",68,6.5,323
518,56063,"2017-03-29",69,6.5,323
518,56063,"2017-03-29",73,6.5,323
518,56063,"2017-03-30",78,7.5,323
518,56063,"2017-03-31",73,8.5,323
518,56063,"2017-03-31",70,8.5,323
518,56063,"2017-03-31",67,8.5,323
518,56063,"2017-03-31",71,8.5,323
518,56063,"2017-03-31",72,8.5,323
518,56063,"2017-04-01",69,9.5,323
518,56063,"2017-04-03",73,11.5,323
518,56063,"2017-04-03",75,11.5,323
518,56063,"2017-04-03",70,11.5,323
518,56063,"2017-04-03",71,11.5,323
518,56063,"2017-04-03",74,11.5,323
518,56063,"2017-04-03",76,11.5,323
518,56063,"2017-04-06",80,14.5,323
518,56063,"2017-04-06",74,14.5,323
518,56063,"2017-04-07",79,15.5,323
518,56063,"2017-04-09",79,17.5,323
518,56063,"2017-05-02",80,40.5,323
568,56060,"2017-03-27",78,4.5,324
568,56060,"2017-03-27",74,4.5,324
568,56060,"2017-03-29",77,6.5,324
568,56060,"2017-03-29",73,6.5,324
568,56060,"2017-03-29",72,6.5,324
568,56060,"2017-03-30",76,7.5,324
568,56060,"2017-03-30",81,7.5,324
568,56060,"2017-03-31",76,8.5,324
568,56060,"2017-03-31",78,8.5,324
568,56060,"2017-03-31",79,8.5,324
568,56060,"2017-03-31",73,8.5,324
568,56060,"2017-04-01",72,9.5,324
568,56060,"2017-04-01",77,9.5,324
568,56060,"2017-04-01",75,9.5,324
568,56060,"2017-04-02",73,10.5,324
568,56060,"2017-04-03",75,11.5,324
568,56060,"2017-04-03",74,11.5,324
568,56060,"2017-04-03",73,11.5,324
568,56060,"2017-04-03",68,11.5,324
568,56060,"2017-04-03",71,11.5,324
568,56060,"2017-04-04",79,12.5,324
597,56058,"2017-03-27",78,4.5,325
597,56058,"2017-03-27",75,4.5,325
597,56058,"2017-03-29",70,6.5,325
597,56058,"2017-03-29",74,6.5,325
597,56058,"2017-03-29",73,6.5,325
597,56058,"2017-03-29",72,6.5,325
597,56058,"2017-03-29",63,6.5,325
597,56058,"2017-03-29",71,6.5,325
597,56058,"2017-03-29",75,6.5,325
597,56058,"2017-03-29",79,6.5,325
597,56058,"2017-03-29",80,6.5,325
597,56058,"2017-03-30",74,7.5,325
597,56058,"2017-03-30",75,7.5,325
597,56058,"2017-03-30",73,7.5,325
597,56058,"2017-03-30",81,7.5,325
597,56058,"2017-03-31",80,8.5,325
597,56058,"2017-03-31",77,8.5,325
597,56058,"2017-03-31",74,8.5,325
597,56058,"2017-03-31",79,8.5,325
597,56058,"2017-03-31",75,8.5,325
597,56058,"2017-03-31",69,8.5,325
597,56058,"2017-03-31",76,8.5,325
597,56058,"2017-03-31",72,8.5,325
597,56058,"2017-03-31",70,8.5,325
597,56058,"2017-03-31",71,8.5,325
597,56058,"2017-04-01",72,9.5,325
597,56058,"2017-04-01",74,9.5,325
597,56058,"2017-04-01",73,9.5,325
597,56058,"2017-04-03",79,11.5,325
597,56058,"2017-04-03",78,11.5,325
597,56058,"2017-04-04",83,12.5,325
597,56058,"2017-04-06",77,14.5,325
597,56058,"2017-04-06",75,14.5,325
597,56058,"2017-04-07",79,15.5,325
597,56058,"2017-04-08",77,16.5,325
597,56058,"2017-04-08",80,16.5,325
597,56058,"2017-04-09",80,17.5,325
566,56085,"2017-04-26",73,4.5,326
566,56085,"2017-04-28",77,6.5,326
566,56085,"2017-05-02",76,10.5,326
566,56085,"2017-05-03",77,11.5,326
566,56085,"2017-05-07",73,15.5,326
566,56085,"2017-05-09",79,17.5,326
583,56069,"2017-04-09",76,3.5,327
583,56069,"2017-04-10",72,4.5,327
583,56070,"2017-04-10",72,4.5,327
583,56069,"2017-04-12",78,6.5,327
583,56069,"2017-04-17",73,11.5,327
583,56069,"2017-04-22",80,16.5,327
583,56070,"2017-04-22",80,16.5,327
583,56070,"2017-05-02",81,26.5,327
583,56070,"2017-05-02",85,26.5,327
616,56071,"2017-04-09",85,3.5,328
616,56071,"2017-04-10",75,4.5,328
616,56071,"2017-04-12",72,6.5,328
616,56071,"2017-04-15",76,9.5,328
616,56071,"2017-04-16",74,10.5,328
616,56071,"2017-04-29",84,23.5,328
616,56071,"2017-04-29",89,23.5,328
616,56071,"2017-05-01",83,25.5,328
616,56071,"2017-05-06",80,30.5,328
618,56082,"2017-04-18",79,5.5,329
618,56082,"2017-05-01",86,18.5,329
621,56076,"2017-04-09",81,3.5,330
621,56076,"2017-04-09",76,3.5,330
621,56076,"2017-04-13",73,7.5,330
621,56076,"2017-04-15",76,9.5,330
621,56076,"2017-04-16",76,10.5,330
621,56076,"2017-04-25",78,19.5,330
621,56076,"2017-04-28",88,22.5,330
632,56078,"2017-04-09",70,3.5,331
632,56078,"2017-04-09",72,3.5,331
632,56078,"2017-04-16",80,10.5,331
632,56078,"2017-05-03",82,27.5,331
634,56072,"2017-04-09",79,3.5,332
634,56072,"2017-04-10",75,4.5,332
634,56072,"2017-04-10",78,4.5,332
634,56072,"2017-04-11",73,5.5,332
634,56072,"2017-04-14",74,8.5,332
634,56072,"2017-04-19",82,13.5,332
634,56072,"2017-05-06",89,30.5,332
635,56083,"2017-04-25",79,3.5,333
635,56083,"2017-04-25",78,3.5,333
635,56083,"2017-04-25",83,3.5,333
635,56083,"2017-04-27",70,5.5,333
635,56083,"2017-04-28",81,6.5,333
635,56083,"2017-04-28",84,6.5,333
635,56083,"2017-04-29",82,7.5,333
635,56083,"2017-05-02",80,10.5,333
635,56083,"2017-05-05",83,13.5,333
635,56083,"2017-05-05",79,13.5,333
635,56083,"2017-05-07",79,15.5,333
662,56075,"2017-04-10",77,4.5,334
662,56075,"2017-04-13",73,7.5,334
662,56075,"2017-04-13",75,7.5,334
662,56075,"2017-04-14",78,8.5,334
662,56075,"2017-04-20",81,14.5,334
685,56073,"2017-04-09",80,3.5,335
685,56073,"2017-04-09",83,3.5,335
685,56073,"2017-04-12",81,6.5,335
685,56073,"2017-04-13",80,7.5,335
685,56073,"2017-04-14",76,8.5,335
685,56073,"2017-04-16",76,10.5,335
685,56073,"2017-04-20",74,14.5,335
685,56073,"2017-04-22",77,16.5,335
685,56073,"2017-04-26",83,20.5,335
685,56073,"2017-04-29",82,23.5,335
687,56079,"2017-04-19",77,6.5,336
687,56079,"2017-04-23",82,10.5,336
687,56079,"2017-04-24",78,11.5,336
687,56079,"2017-04-29",85,16.5,336
687,56079,"2017-05-02",81,19.5,336
706,56077,"2017-04-18",78,5.5,337
706,56077,"2017-04-20",77,7.5,337
706,56077,"2017-04-21",83,8.5,337
706,56077,"2017-04-22",80,9.5,337
706,56077,"2017-04-24",78,11.5,337
706,56077,"2017-04-26",81,13.5,337
706,56077,"2017-04-29",80,16.5,337
706,56077,"2017-04-29",85,16.5,337
706,56077,"2017-04-29",88,16.5,337
706,56077,"2017-05-02",91,19.5,337
706,56077,"2017-05-03",84,20.5,337
708,56067,"2017-04-09",76,3.5,338
708,56067,"2017-04-09",83,3.5,338
708,56067,"2017-04-09",77,3.5,338
708,56074,"2017-04-09",76,3.5,338
708,56067,"2017-04-11",79,5.5,338
708,56074,"2017-04-11",78,5.5,338
708,56074,"2017-04-12",74,6.5,338
708,56067,"2017-04-15",79,9.5,338
708,56074,"2017-04-16",80,10.5,338
708,56067,"2017-04-19",84,13.5,338
708,56074,"2017-04-21",75,15.5,338
708,56074,"2017-04-22",84,16.5,338
708,56074,"2017-04-23",85,17.5,338
708,56067,"2017-05-02",83,26.5,338
739,56084,"2017-04-27",74,5.5,339
739,56084,"2017-04-28",76,6.5,339
739,56084,"2017-04-28",78,6.5,339
739,56084,"2017-04-29",76,7.5,339
739,56084,"2017-04-29",82,7.5,339
739,56084,"2017-04-29",85,7.5,339
739,56084,"2017-05-02",73,10.5,339
739,56084,"2017-05-02",75,10.5,339
739,56084,"2017-05-03",81,11.5,339
739,56084,"2017-05-03",75,11.5,339
742,56068,"2017-04-09",76,3.5,340
742,56068,"2017-04-14",75,8.5,340
742,56068,"2017-04-23",79,17.5,340
746,56080,"2017-04-16",81,3.5,341
746,56080,"2017-04-16",79,3.5,341
746,56080,"2017-04-19",81,6.5,341
746,56080,"2017-04-22",79,9.5,341
746,56080,"2017-04-26",83,13.5,341
746,56080,"2017-04-29",82,16.5,341
746,56080,"2017-05-02",84,19.5,341
746,56080,"2017-05-03",85,20.5,341
746,56080,"2017-05-04",79,21.5,341
794,56065,"2017-04-10",77,4.5,342
794,56065,"2017-04-12",73,6.5,342
794,56065,"2017-04-12",76,6.5,342
794,56065,"2017-04-15",80,9.5,342
794,56065,"2017-04-26",86,20.5,342
813,56066,"2017-04-14",77,8.5,343
813,56066,"2017-04-21",78,15.5,343
816,56081,"2017-04-25",80,3.5,344
816,56081,"2017-04-25",78,3.5,344
816,56081,"2017-04-25",81,3.5,344
816,56081,"2017-04-26",80,4.5,344
816,56081,"2017-04-27",76,5.5,344
816,56081,"2017-04-28",85,6.5,344
816,56081,"2017-04-28",84,6.5,344
816,56081,"2017-04-28",82,6.5,344
816,56081,"2017-04-29",83,7.5,344
816,56081,"2017-05-04",88,12.5,344
818,56061,"2017-04-11",75,5.5,345
818,56061,"2017-04-12",81,6.5,345
818,56061,"2017-04-29",76,23.5,345
845,56062,"2017-04-09",76,3.5,346
845,56062,"2017-04-09",87,3.5,346
845,56062,"2017-04-12",78,6.5,346
845,56062,"2017-04-12",80,6.5,346
845,56062,"2017-04-14",85,8.5,346
846,56059,"2017-04-12",75,6.5,347
462,56249,"2018-04-20",78,6.5,348
462,56249,"2018-04-24",86,10.5,348
462,56249,"2018-04-25",80,11.5,348
462,56249,"2018-04-28",78,14.5,348
462,56249,"2018-04-29",83,15.5,348
463,56243,"2018-04-10",72,3.5,349
463,56243,"2018-04-10",70,3.5,349
463,56243,"2018-04-10",75,3.5,349
463,56243,"2018-04-10",80,3.5,349
463,56243,"2018-04-10",68,3.5,349
463,56243,"2018-04-10",74,3.5,349
463,56243,"2018-04-11",76,4.5,349
463,56243,"2018-04-11",84,4.5,349
463,56243,"2018-04-11",75,4.5,349
463,56243,"2018-04-27",76,20.5,349
463,56243,"2018-05-01",88,24.5,349
473,56245,"2018-04-24",81,10.5,350
473,56245,"2018-04-26",88,12.5,350
473,56245,"2018-04-26",77,12.5,350
473,56245,"2018-04-26",79,12.5,350
491,56248,"2018-04-21",84,7.5,351
491,56248,"2018-04-26",79,12.5,351
491,56248,"2018-04-27",76,13.5,351
491,56248,"2018-05-02",86,18.5,351
491,56248,"2018-05-12",88,28.5,351
501,56240,"2018-04-10",64,3.5,352
501,56240,"2018-04-10",73,3.5,352
501,56240,"2018-04-10",79,3.5,352
501,56240,"2018-04-10",77,3.5,352
501,56240,"2018-04-10",70,3.5,352
501,56240,"2018-04-10",68,3.5,352
501,56240,"2018-04-21",83,14.5,352
501,56240,"2018-04-25",80,18.5,352
501,56240,"2018-04-27",81,20.5,352
513,56242,"2018-04-09",79,2.5,353
513,56242,"2018-04-10",79,3.5,353
513,56242,"2018-04-10",80,3.5,353
513,56242,"2018-04-11",72,4.5,353
513,56242,"2018-04-11",78,4.5,353
513,56242,"2018-04-27",81,20.5,353
580,56237,"2018-04-09",65,2.5,354
580,56237,"2018-04-10",69,3.5,354
580,56237,"2018-04-10",84,3.5,354
580,56237,"2018-04-10",74,3.5,354
580,56237,"2018-04-10",73,3.5,354
580,56237,"2018-04-10",81,3.5,354
580,56237,"2018-04-13",75,6.5,354
580,56237,"2018-04-15",77,8.5,354
580,56237,"2018-04-20",79,13.5,354
580,56237,"2018-04-21",83,14.5,354
580,56237,"2018-04-24",83,17.5,354
580,56237,"2018-04-26",84,19.5,354
580,56237,"2018-04-27",79,20.5,354
580,56237,"2018-04-28",82,21.5,354
580,56237,"2018-04-29",97,22.5,354
605,56238,"2018-04-09",72,2.5,355
605,56238,"2018-04-10",66,3.5,355
605,56238,"2018-04-10",73,3.5,355
605,56238,"2018-04-11",71,4.5,355
605,56238,"2018-04-17",76,10.5,355
605,56238,"2018-04-20",87,13.5,355
605,56238,"2018-04-24",77,17.5,355
605,56238,"2018-04-27",68,20.5,355
611,56246,"2018-04-09",85,2.5,356
611,56246,"2018-04-10",73,3.5,356
611,56246,"2018-04-10",75,3.5,356
611,56246,"2018-04-10",83,3.5,356
611,56246,"2018-04-10",71,3.5,356
611,56246,"2018-04-11",74,4.5,356
611,56246,"2018-04-11",82,4.5,356
611,56246,"2018-04-11",76,4.5,356
625,56235,"2018-04-09",92,2.5,357
625,56235,"2018-04-10",77,3.5,357
625,56235,"2018-04-10",85,3.5,357
625,56235,"2018-04-10",83,3.5,357
625,56235,"2018-04-10",86,3.5,357
625,56235,"2018-04-10",101,3.5,357
625,56235,"2018-04-11",79,4.5,357
625,56235,"2018-04-11",87,4.5,357
625,56235,"2018-04-15",75,8.5,357
625,56235,"2018-04-23",90,16.5,357
625,56235,"2018-04-25",83,18.5,357
625,56235,"2018-04-27",83,20.5,357
628,56244,"2018-04-20",80,6.5,358
628,56244,"2018-04-23",82,9.5,358
628,56244,"2018-04-24",84,10.5,358
628,56244,"2018-04-24",89,10.5,358
628,56244,"2018-04-24",85,10.5,358
628,56244,"2018-04-28",81,14.5,358
628,56244,"2018-04-28",76,14.5,358
628,56244,"2018-04-29",87,15.5,358
628,56244,"2018-04-30",88,16.5,358
725,56247,"2018-04-10",86,3.5,359
725,56247,"2018-04-10",91,3.5,359
725,56247,"2018-04-11",93,4.5,359
725,56247,"2018-04-18",83,11.5,359
766,56236,"2018-04-09",79,2.5,360
766,56236,"2018-04-10",80,3.5,360
766,56236,"2018-04-10",81,3.5,360
766,56236,"2018-04-10",85,3.5,360
766,56236,"2018-04-10",79,3.5,360
766,56236,"2018-04-11",81,4.5,360
766,56236,"2018-04-11",83,4.5,360
766,56236,"2018-04-15",92,8.5,360
766,56236,"2018-04-18",86,11.5,360
766,56236,"2018-04-28",86,21.5,360
832,56239,"2018-04-09",75,2.5,361
832,56239,"2018-04-10",83,3.5,361
832,56239,"2018-04-10",89,3.5,361
832,56239,"2018-04-10",81,3.5,361
832,56239,"2018-04-11",76,4.5,361
832,56239,"2018-04-15",77,8.5,361
832,56239,"2018-04-17",75,10.5,361
832,56239,"2018-04-21",88,14.5,361
449,56290,"2019-03-25",70,10.5,363
449,56290,"2019-03-26",73,11.5,363
449,56290,"2019-03-27",77,12.5,363
449,56290,"2019-03-28",79,13.5,363
449,56290,"2019-03-29",79,14.5,363
449,56290,"2019-03-29",80,14.5,363
449,56290,"2019-03-29",73,14.5,363
449,56290,"2019-03-29",70,14.5,363
449,56290,"2019-03-29",75,14.5,363
449,56290,"2019-03-30",76,15.5,363
449,56290,"2019-03-30",71,15.5,363
449,56290,"2019-03-31",76,16.5,363
449,56290,"2019-04-01",75,17.5,363
449,56290,"2019-04-02",74,18.5,363
449,56290,"2019-04-03",75,19.5,363
449,56290,"2019-04-03",78,19.5,363
449,56290,"2019-04-04",85,20.5,363
449,56290,"2019-04-05",83,21.5,363
449,56290,"2019-04-05",77,21.5,363
449,56290,"2019-04-05",81,21.5,363
449,56290,"2019-04-06",73,22.5,363
449,56290,"2019-04-08",78,24.5,363
449,56290,"2019-04-10",78,26.5,363
449,56290,"2019-04-11",80,27.5,363
449,56290,"2019-04-11",92,27.5,363
449,56290,"2019-04-11",76,27.5,363
449,56290,"2019-04-11",75,27.5,363
449,56290,"2019-04-13",89,29.5,363
449,56290,"2019-04-13",92,29.5,363
449,56290,"2019-04-13",78,29.5,363
449,56290,"2019-04-17",76,33.5,363
449,56290,"2019-04-19",83,35.5,363
449,56290,"2019-05-06",98,52.5,363
492,56296,"2019-03-30",70,4.5,364
492,56296,"2019-04-02",71,7.5,364
492,56296,"2019-04-03",75,8.5,364
492,56296,"2019-04-04",78,9.5,364
492,56296,"2019-04-06",71,11.5,364
492,56296,"2019-04-07",77,12.5,364
492,56296,"2019-04-07",75,12.5,364
492,56296,"2019-04-08",84,13.5,364
492,56296,"2019-04-10",74,15.5,364
492,56296,"2019-04-10",76,15.5,364
492,56296,"2019-04-12",82,17.5,364
492,56296,"2019-04-12",73,17.5,364
492,56296,"2019-04-12",76,17.5,364
492,56296,"2019-04-12",80,17.5,364
492,56296,"2019-04-12",83,17.5,364
492,56296,"2019-04-13",80,18.5,364
492,56296,"2019-04-13",81,18.5,364
492,56296,"2019-04-15",79,20.5,364
492,56296,"2019-04-17",88,22.5,364
493,56288,"2019-03-25",78,10.5,365
493,56288,"2019-03-27",76,12.5,365
493,56288,"2019-03-28",79,13.5,365
493,56288,"2019-03-28",81,13.5,365
493,56288,"2019-03-28",73,13.5,365
493,56288,"2019-03-29",80,14.5,365
493,56288,"2019-03-29",75,14.5,365
493,56288,"2019-03-29",70,14.5,365
493,56288,"2019-03-30",72,15.5,365
493,56288,"2019-03-30",76,15.5,365
493,56288,"2019-03-30",71,15.5,365
493,56288,"2019-03-30",74,15.5,365
493,56288,"2019-03-30",77,15.5,365
493,56288,"2019-03-31",74,16.5,365
493,56288,"2019-04-02",76,18.5,365
493,56288,"2019-04-06",81,22.5,365
493,56288,"2019-04-06",84,22.5,365
493,56288,"2019-04-07",76,23.5,365
493,56288,"2019-04-09",94,25.5,365
493,56288,"2019-04-09",84,25.5,365
493,56288,"2019-04-09",81,25.5,365
493,56288,"2019-04-10",77,26.5,365
493,56288,"2019-04-10",87,26.5,365
493,56288,"2019-04-11",77,27.5,365
493,56288,"2019-04-12",85,28.5,365
493,56288,"2019-04-17",81,33.5,365
573,56297,"2019-04-02",71,3.5,366
573,56297,"2019-04-04",78,5.5,366
573,56297,"2019-04-05",65,6.5,366
573,56297,"2019-04-05",78,6.5,366
573,56297,"2019-04-05",79,6.5,366
573,56297,"2019-04-09",75,10.5,366
573,56297,"2019-04-09",71,10.5,366
573,56297,"2019-04-10",81,11.5,366
573,56297,"2019-04-10",78,11.5,366
573,56297,"2019-04-11",78,12.5,366
573,56297,"2019-04-11",77,12.5,366
573,56297,"2019-04-12",78,13.5,366
573,56297,"2019-04-12",74,13.5,366
573,56297,"2019-04-12",77,13.5,366
573,56297,"2019-04-12",79,13.5,366
573,56297,"2019-04-15",79,16.5,366
573,56297,"2019-04-18",81,19.5,366
573,56297,"2019-04-23",80,24.5,366
578,56292,"2019-03-30",75,4.5,367
578,56292,"2019-03-31",72,5.5,367
578,56292,"2019-04-03",84,8.5,367
578,56292,"2019-04-04",73,9.5,367
578,56292,"2019-04-04",70,9.5,367
578,56292,"2019-04-05",80,10.5,367
578,56292,"2019-04-06",77,11.5,367
578,56292,"2019-04-08",79,13.5,367
578,56292,"2019-04-09",74,14.5,367
578,56292,"2019-04-09",78,14.5,367
578,56292,"2019-04-10",84,15.5,367
578,56292,"2019-04-10",83,15.5,367
578,56292,"2019-04-10",78,15.5,367
578,56292,"2019-04-11",77,16.5,367
578,56292,"2019-04-11",82,16.5,367
578,56292,"2019-04-12",79,17.5,367
578,56292,"2019-04-12",83,17.5,367
578,56292,"2019-04-13",80,18.5,367
578,56292,"2019-04-13",81,18.5,367
578,56292,"2019-04-13",77,18.5,367
578,56292,"2019-04-14",86,19.5,367
578,56292,"2019-04-16",83,21.5,367
578,56292,"2019-04-18",82,23.5,367
578,56292,"2019-04-22",85,27.5,367
617,56294,"2019-04-04",75,5.5,368
617,56294,"2019-04-05",82,6.5,368
617,56294,"2019-04-06",73,7.5,368
617,56294,"2019-04-06",82,7.5,368
617,56294,"2019-04-07",76,8.5,368
617,56294,"2019-04-09",84,10.5,368
617,56294,"2019-04-09",69,10.5,368
617,56294,"2019-04-09",77,10.5,368
617,56294,"2019-04-10",75,11.5,368
617,56294,"2019-04-10",80,11.5,368
617,56294,"2019-04-11",72,12.5,368
617,56294,"2019-04-11",77,12.5,368
617,56294,"2019-04-13",80,14.5,368
617,56294,"2019-04-18",81,19.5,368
617,56294,"2019-04-21",87,22.5,368
617,56294,"2019-04-23",85,24.5,368
617,56294,"2019-04-27",87,28.5,368
617,56294,"2019-04-28",84,29.5,368
619,56293,"2019-04-02",74,3.5,369
619,56293,"2019-04-04",76,5.5,369
619,56293,"2019-04-05",73,6.5,369
619,56293,"2019-04-05",75,6.5,369
619,56293,"2019-04-05",74,6.5,369
619,56293,"2019-04-06",73,7.5,369
619,56293,"2019-04-06",70,7.5,369
619,56293,"2019-04-08",81,9.5,369
619,56293,"2019-04-09",83,10.5,369
619,56293,"2019-04-09",80,10.5,369
619,56293,"2019-04-10",76,11.5,369
619,56293,"2019-04-11",81,12.5,369
619,56293,"2019-04-11",80,12.5,369
619,56293,"2019-04-11",73,12.5,369
619,56293,"2019-04-12",79,13.5,369
619,56293,"2019-04-12",78,13.5,369
619,56293,"2019-04-12",77,13.5,369
619,56293,"2019-04-13",84,14.5,369
619,56293,"2019-04-13",80,14.5,369
619,56293,"2019-04-13",78,14.5,369
619,56293,"2019-04-15",79,16.5,369
619,56293,"2019-04-17",87,18.5,369
647,56295,"2019-03-26",79,11.5,370
647,56295,"2019-03-26",77,11.5,370
647,56295,"2019-03-26",82,11.5,370
647,56295,"2019-03-26",84,11.5,370
647,56295,"2019-03-26",78,11.5,370
647,56295,"2019-03-28",86,13.5,370
647,56295,"2019-03-28",89,13.5,370
647,56295,"2019-03-29",76,14.5,370
647,56295,"2019-03-29",83,14.5,370
647,56295,"2019-03-29",85,14.5,370
647,56295,"2019-03-29",82,14.5,370
647,56295,"2019-03-29",81,14.5,370
647,56295,"2019-03-30",83,15.5,370
647,56295,"2019-03-30",80,15.5,370
647,56295,"2019-03-30",76,15.5,370
647,56295,"2019-03-31",82,16.5,370
647,56295,"2019-03-31",80,16.5,370
647,56295,"2019-03-31",81,16.5,370
647,56295,"2019-03-31",76,16.5,370
647,56295,"2019-04-01",89,17.5,370
647,56295,"2019-04-01",84,17.5,370
647,56295,"2019-04-01",81,17.5,370
647,56295,"2019-04-01",85,17.5,370
647,56295,"2019-04-02",87,18.5,370
647,56295,"2019-04-02",85,18.5,370
647,56295,"2019-04-02",86,18.5,370
647,56295,"2019-04-02",82,18.5,370
647,56295,"2019-04-03",86,19.5,370
647,56295,"2019-04-03",85,19.5,370
647,56295,"2019-04-03",80,19.5,370
647,56295,"2019-04-04",85,20.5,370
647,56295,"2019-04-05",88,21.5,370
647,56295,"2019-04-10",86,26.5,370
647,56295,"2019-04-11",87,27.5,370
647,56295,"2019-04-13",77,29.5,370
647,56295,"2019-04-14",82,30.5,370
809,56289,"2019-04-02",78,3.5,371
809,56289,"2019-04-02",76,3.5,371
809,56289,"2019-04-03",85,4.5,371
809,56289,"2019-04-03",80,4.5,371
809,56289,"2019-04-04",85,5.5,371
809,56289,"2019-04-05",83,6.5,371
809,56289,"2019-04-05",90,6.5,371
809,56289,"2019-04-06",85,7.5,371
809,56289,"2019-04-06",80,7.5,371
809,56289,"2019-04-06",84,7.5,371
809,56289,"2019-04-07",87,8.5,371
809,56289,"2019-04-08",85,9.5,371
809,56289,"2019-04-08",80,9.5,371
809,56289,"2019-04-09",81,10.5,371
809,56289,"2019-04-09",83,10.5,371
809,56289,"2019-04-10",85,11.5,371
809,56289,"2019-04-10",87,11.5,371
809,56289,"2019-04-10",86,11.5,371
809,56289,"2019-04-10",83,11.5,371
809,56289,"2019-04-10",84,11.5,371
809,56289,"2019-04-11",82,12.5,371
809,56289,"2019-04-11",80,12.5,371
809,56289,"2019-04-12",86,13.5,371
809,56289,"2019-04-13",82,14.5,371
809,56289,"2019-04-13",88,14.5,371
809,56289,"2019-04-13",84,14.5,371
809,56289,"2019-04-14",89,15.5,371
809,56289,"2019-04-14",83,15.5,371
809,56289,"2019-04-17",84,18.5,371
834,56287,"2019-03-30",79,4.5,372
834,56287,"2019-03-30",82,4.5,372
834,56287,"2019-03-30",80,4.5,372
834,56287,"2019-03-31",84,5.5,372
834,56287,"2019-04-02",81,7.5,372
834,56287,"2019-04-02",76,7.5,372
834,56287,"2019-04-03",83,8.5,372
834,56287,"2019-04-03",82,8.5,372
834,56287,"2019-04-04",84,9.5,372
834,56287,"2019-04-04",95,9.5,372
834,56287,"2019-04-04",88,9.5,372
834,56287,"2019-04-05",84,10.5,372
834,56287,"2019-04-05",86,10.5,372
834,56287,"2019-04-05",82,10.5,372
834,56287,"2019-04-05",79,10.5,372
834,56287,"2019-04-06",75,11.5,372
834,56287,"2019-04-06",79,11.5,372
834,56287,"2019-04-06",82,11.5,372
834,56287,"2019-04-06",89,11.5,372
834,56287,"2019-04-08",80,13.5,372
834,56287,"2019-04-09",84,14.5,372
834,56287,"2019-04-09",85,14.5,372
834,56287,"2019-04-09",83,14.5,372
834,56287,"2019-04-10",80,15.5,372
834,56287,"2019-04-10",87,15.5,372
834,56287,"2019-04-11",87,16.5,372
834,56287,"2019-04-11",90,16.5,372
834,56287,"2019-04-11",77,16.5,372
834,56287,"2019-04-13",98,18.5,372
834,56287,"2019-04-13",91,18.5,372
834,56287,"2019-04-19",86,24.5,372
849,56291,"2019-04-02",63,3.5,373
849,56291,"2019-04-05",84,6.5,373
849,56291,"2019-04-10",82,11.5,373
849,56291,"2019-04-10",81,11.5,373
849,56291,"2019-04-11",85,12.5,373
849,56291,"2019-04-11",80,12.5,373
849,56291,"2019-04-12",79,13.5,373
849,56291,"2019-04-12",88,13.5,373
849,56291,"2019-04-14",87,15.5,373
849,56291,"2019-04-15",89,16.5,373
849,56291,"2019-04-15",87,16.5,373
849,56291,"2019-04-17",87,18.5,373
544,56308,"2019-04-11",85,2.5,374
544,56308,"2019-04-11",73,2.5,374
544,56308,"2019-04-11",75,2.5,374
544,56308,"2019-04-11",61,2.5,374
544,56308,"2019-04-12",79,3.5,374
544,56308,"2019-04-12",75,3.5,374
544,56308,"2019-04-12",70,3.5,374
544,56308,"2019-04-12",76,3.5,374
544,56308,"2019-04-13",77,4.5,374
544,56308,"2019-04-17",74,8.5,374
544,56308,"2019-04-18",83,9.5,374
544,56308,"2019-04-19",78,10.5,374
544,56308,"2019-04-20",78,11.5,374
544,56308,"2019-04-22",82,13.5,374
544,56308,"2019-04-23",83,14.5,374
544,56308,"2019-04-26",81,17.5,374
544,56308,"2019-04-27",89,18.5,374
544,56308,"2019-04-28",89,19.5,374
544,56308,"2019-05-06",87,27.5,374
607,56304,"2019-04-11",80,2.5,376
607,56304,"2019-04-11",77,2.5,376
607,56304,"2019-04-11",74,2.5,376
607,56304,"2019-04-12",77,3.5,376
607,56304,"2019-04-14",79,5.5,376
607,56304,"2019-04-14",76,5.5,376
607,56304,"2019-04-16",81,7.5,376
607,56304,"2019-04-17",78,8.5,376
607,56304,"2019-04-20",83,11.5,376
607,56304,"2019-04-21",78,12.5,376
607,56304,"2019-04-21",85,12.5,376
607,56304,"2019-04-22",90,13.5,376
607,56304,"2019-04-26",81,17.5,376
607,56304,"2019-04-26",80,17.5,376
607,56304,"2019-04-27",81,18.5,376
607,56304,"2019-04-29",80,20.5,376
623,56311,"2019-04-23",87,3.5,377
623,56311,"2019-04-23",82,3.5,377
623,56311,"2019-04-23",80,3.5,377
623,56311,"2019-04-25",85,5.5,377
623,56311,"2019-04-25",87,5.5,377
623,56311,"2019-04-25",80,5.5,377
623,56311,"2019-04-26",83,6.5,377
623,56311,"2019-04-26",85,6.5,377
623,56311,"2019-04-27",69,7.5,377
637,56307,"2019-04-11",71,2.5,378
637,56307,"2019-04-11",76,2.5,378
637,56307,"2019-04-12",80,3.5,378
637,56307,"2019-04-12",77,3.5,378
637,56307,"2019-04-12",74,3.5,378
637,56307,"2019-04-16",78,7.5,378
637,56307,"2019-04-18",76,9.5,378
637,56307,"2019-04-18",74,9.5,378
637,56307,"2019-04-19",76,10.5,378
637,56307,"2019-04-19",84,10.5,378
637,56307,"2019-04-21",82,12.5,378
637,56307,"2019-04-22",77,13.5,378
637,56307,"2019-04-25",82,16.5,378
638,56310,"2019-04-23",85,3.5,379
638,56310,"2019-04-23",79,3.5,379
638,56310,"2019-04-23",81,3.5,379
638,56310,"2019-04-25",75,5.5,379
638,56310,"2019-04-25",88,5.5,379
638,56310,"2019-04-25",80,5.5,379
638,56310,"2019-04-25",85,5.5,379
638,56310,"2019-04-26",84,6.5,379
638,56310,"2019-04-26",70,6.5,379
638,56310,"2019-04-26",83,6.5,379
638,56310,"2019-04-26",86,6.5,379
638,56310,"2019-04-29",74,9.5,379
638,56310,"2019-04-29",85,9.5,379
638,56310,"2019-05-10",97,20.5,379
643,56312,"2019-04-23",78,3.5,380
643,56312,"2019-04-23",85,3.5,380
643,56312,"2019-04-25",81,5.5,380
643,56312,"2019-04-26",88,6.5,380
643,56312,"2019-04-26",84,6.5,380
643,56312,"2019-04-27",81,7.5,380
643,56312,"2019-04-27",89,7.5,380
643,56312,"2019-04-29",82,9.5,380
643,56312,"2019-04-29",79,9.5,380
643,56312,"2019-05-01",85,11.5,380
643,56312,"2019-05-01",78,11.5,380
643,56312,"2019-05-02",84,12.5,380
650,56306,"2019-04-12",72,3.5,381
650,56306,"2019-04-12",83,3.5,381
650,56306,"2019-04-13",77,4.5,381
650,56306,"2019-04-14",81,5.5,381
650,56306,"2019-04-15",80,6.5,381
650,56306,"2019-04-15",68,6.5,381
650,56306,"2019-04-16",72,7.5,381
650,56306,"2019-04-16",82,7.5,381
650,56306,"2019-04-17",82,8.5,381
650,56306,"2019-04-17",80,8.5,381
650,56306,"2019-04-21",85,12.5,381
650,56306,"2019-04-22",88,13.5,381
650,56306,"2019-04-23",80,14.5,381
650,56306,"2019-04-25",80,16.5,381
650,56306,"2019-04-25",83,16.5,381
650,56306,"2019-04-26",84,17.5,381
650,56306,"2019-04-26",78,17.5,381
650,56306,"2019-04-30",81,21.5,381
689,56309,"2019-04-23",78,3.5,382
689,56309,"2019-04-23",81,3.5,382
689,56309,"2019-04-26",78,6.5,382
689,56309,"2019-04-28",85,8.5,382
757,56305,"2019-04-12",75,3.5,383
757,56305,"2019-04-12",76,3.5,383
757,56305,"2019-04-12",83,3.5,383
757,56305,"2019-04-14",78,5.5,383
757,56305,"2019-04-16",84,7.5,383
757,56305,"2019-04-16",80,7.5,383
757,56305,"2019-04-16",85,7.5,383
757,56305,"2019-04-17",82,8.5,383
757,56305,"2019-04-17",84,8.5,383
757,56305,"2019-04-20",85,11.5,383
757,56305,"2019-04-21",85,12.5,383
757,56305,"2019-04-21",83,12.5,383
757,56305,"2019-04-21",76,12.5,383
757,56305,"2019-04-22",87,13.5,383
757,56305,"2019-04-23",85,14.5,383
757,56305,"2019-04-25",87,16.5,383
757,56305,"2019-04-25",80,16.5,383
757,56305,"2019-04-29",74,20.5,383
757,56305,"2019-05-01",80,22.5,383
760,56299,"2019-04-11",75,2.5,384
760,56299,"2019-04-12",80,3.5,384
760,56299,"2019-04-13",85,4.5,384
760,56299,"2019-04-13",81,4.5,384
760,56299,"2019-04-13",78,4.5,384
760,56299,"2019-04-14",81,5.5,384
760,56299,"2019-04-16",77,7.5,384
760,56299,"2019-04-19",79,10.5,384
760,56299,"2019-04-21",88,12.5,384
760,56299,"2019-04-23",83,14.5,384
760,56299,"2019-04-26",80,17.5,384
760,56299,"2019-04-27",82,18.5,384
760,56299,"2019-04-28",82,19.5,384
760,56299,"2019-04-30",89,21.5,384
761,56303,"2019-04-11",79,2.5,385
761,56303,"2019-04-12",86,3.5,385
761,56303,"2019-04-12",80,3.5,385
761,56303,"2019-04-16",80,7.5,385
761,56303,"2019-04-17",85,8.5,385
761,56303,"2019-04-17",84,8.5,385
761,56303,"2019-04-18",89,9.5,385
761,56303,"2019-04-19",85,10.5,385
761,56303,"2019-04-21",87,12.5,385
761,56303,"2019-04-26",80,17.5,385
761,56303,"2019-04-26",82,17.5,385
820,56319,"2019-04-15",84,3.5,386
820,56319,"2019-04-17",88,5.5,386
820,56319,"2019-04-19",85,7.5,386
820,56319,"2019-04-19",87,7.5,386
820,56319,"2019-04-22",83,10.5,386
820,56319,"2019-04-26",83,14.5,386
848,56318,"2019-04-14",90,2.5,387
848,56318,"2019-04-16",96,4.5,387
848,56318,"2019-04-17",95,5.5,387
848,56318,"2019-04-17",86,5.5,387
848,56318,"2019-04-18",83,6.5,387
848,56318,"2019-04-22",89,10.5,387
848,56318,"2019-04-25",92,13.5,387
798,56315,"2019-05-13",84,9.5,390
798,56315,"2019-05-19",86,15.5,390
479,56414,"2020-04-02",73,9.5,393
479,56414,"2020-04-02",70,9.5,393
479,56414,"2020-04-03",84,10.5,393
479,56414,"2020-04-04",71,11.5,393
479,56414,"2020-04-08",79,15.5,393
512,56405,"2020-03-30",86,3.5,394
512,56405,"2020-03-31",88,4.5,394
512,56405,"2020-03-31",69,4.5,394
512,56405,"2020-04-01",80,5.5,394
512,56405,"2020-04-01",73,5.5,394
512,56405,"2020-04-01",87,5.5,394
512,56405,"2020-04-02",81,6.5,394
512,56405,"2020-04-03",76,7.5,394
512,56405,"2020-04-03",74,7.5,394
512,56405,"2020-04-04",77,8.5,394
512,56405,"2020-04-05",86,9.5,394
512,56405,"2020-04-22",87,26.5,394
519,56413,"2020-03-31",73,7.5,395
519,56413,"2020-03-31",75,7.5,395
519,56413,"2020-04-01",73,8.5,395
519,56413,"2020-04-02",71,9.5,395
519,56413,"2020-04-03",71,10.5,395
519,56413,"2020-04-04",79,11.5,395
519,56413,"2020-04-05",78,12.5,395
519,56413,"2020-04-08",80,15.5,395
521,56412,"2020-03-31",75,7.5,396
521,56412,"2020-03-31",71,7.5,396
521,56412,"2020-04-02",73,9.5,396
521,56412,"2020-04-02",70,9.5,396
521,56412,"2020-04-02",69,9.5,396
521,56412,"2020-04-04",74,11.5,396
521,56412,"2020-04-10",81,17.5,396
571,56411,"2020-04-02",76,9.5,397
571,56411,"2020-04-02",71,9.5,397
571,56411,"2020-04-03",80,10.5,397
571,56411,"2020-04-04",76,11.5,397
571,56411,"2020-04-08",78,15.5,397
584,56407,"2020-03-31",80,7.5,398
584,56407,"2020-03-31",82,7.5,398
584,56407,"2020-04-02",79,9.5,398
584,56407,"2020-04-02",73,9.5,398
584,56407,"2020-04-03",80,10.5,398
584,56407,"2020-04-04",70,11.5,398
584,56407,"2020-04-04",77,11.5,398
584,56407,"2020-04-05",83,12.5,398
584,56407,"2020-04-05",78,12.5,398
584,56407,"2020-04-08",89,15.5,398
586,56409,"2020-03-31",80,7.5,399
586,56409,"2020-04-01",81,8.5,399
586,56409,"2020-04-02",72,9.5,399
586,56409,"2020-04-02",77,9.5,399
586,56409,"2020-04-03",73,10.5,399
586,56409,"2020-04-03",74,10.5,399
586,56409,"2020-04-04",74,11.5,399
586,56409,"2020-04-06",82,13.5,399
587,56415,"2020-04-01",85,7.5,400
587,56415,"2020-04-02",80,8.5,400
587,56415,"2020-04-02",73,8.5,400
587,56415,"2020-04-02",82,8.5,400
587,56415,"2020-04-03",84,9.5,400
587,56415,"2020-04-04",74,10.5,400
589,56406,"2020-03-31",71,7.5,401
589,56406,"2020-04-01",85,8.5,401
589,56406,"2020-04-01",76,8.5,401
589,56406,"2020-04-02",71,9.5,401
589,56406,"2020-04-04",85,11.5,401
589,56406,"2020-04-04",75,11.5,401
589,56406,"2020-04-04",84,11.5,401
589,56406,"2020-04-15",78,22.5,401
599,56410,"2020-04-02",73,9.5,402
599,56410,"2020-04-02",74,9.5,402
599,56410,"2020-04-02",81,9.5,402
599,56410,"2020-04-03",70,10.5,402
599,56410,"2020-04-04",86,11.5,402
599,56410,"2020-04-04",76,11.5,402
599,56410,"2020-04-10",84,17.5,402
633,56404,"2020-04-01",69,8.5,403
633,56404,"2020-04-01",83,8.5,403
633,56404,"2020-04-01",71,8.5,403
633,56404,"2020-04-02",80,9.5,403
633,56404,"2020-04-02",79,9.5,403
633,56404,"2020-04-02",73,9.5,403
633,56404,"2020-04-03",85,10.5,403
633,56404,"2020-04-04",83,11.5,403
633,56404,"2020-04-08",78,15.5,403
633,56404,"2020-04-10",79,17.5,403
633,56404,"2020-04-11",80,18.5,403
663,56408,"2020-03-30",81,6.5,404
663,56408,"2020-04-01",84,8.5,404
663,56408,"2020-04-01",82,8.5,404
663,56408,"2020-04-02",83,9.5,404
663,56408,"2020-04-04",79,11.5,404
663,56408,"2020-04-08",82,15.5,404
751,56401,"2020-03-29",85,5.5,405
751,56401,"2020-03-30",85,6.5,405
751,56401,"2020-03-31",80,7.5,405
751,56401,"2020-04-01",80,8.5,405
751,56401,"2020-04-01",84,8.5,405
751,56401,"2020-04-03",75,10.5,405
751,56401,"2020-04-03",88,10.5,405
751,56401,"2020-04-03",87,10.5,405
751,56401,"2020-04-04",82,11.5,405
751,56401,"2020-04-09",82,16.5,405
753,56432,"2020-04-02",80,8.5,406
753,56432,"2020-04-02",79,8.5,406
753,56432,"2020-04-04",82,10.5,406
753,56432,"2020-04-10",81,16.5,406
772,56402,"2020-04-01",85,8.5,407
772,56402,"2020-04-01",83,8.5,407
772,56402,"2020-04-01",80,8.5,407
772,56402,"2020-04-03",81,10.5,407
793,56403,"2020-03-30",84,6.5,408
793,56403,"2020-03-31",88,7.5,408
793,56403,"2020-04-01",80,8.5,408
793,56403,"2020-04-01",87,8.5,408
793,56403,"2020-04-02",72,9.5,408
793,56403,"2020-04-04",88,11.5,408
800,56430,"2020-03-31",83,6.5,409
800,56431,"2020-03-31",77,6.5,409
800,56431,"2020-04-01",80,7.5,409
800,56430,"2020-04-02",72,8.5,409
800,56431,"2020-04-02",81,8.5,409
800,56431,"2020-04-03",86,9.5,409
800,56430,"2020-04-04",86,10.5,409
800,56430,"2020-04-04",83,10.5,409
800,56431,"2020-04-04",85,10.5,409
800,56431,"2020-04-04",87,10.5,409
800,56431,"2020-04-05",79,11.5,409
830,56429,"2020-04-02",73,8.5,410
830,56429,"2020-04-02",77,8.5,410
830,56429,"2020-04-02",84,8.5,410
830,56429,"2020-04-03",79,9.5,410
830,56429,"2020-04-03",86,9.5,410
830,56429,"2020-04-03",83,9.5,410
830,56429,"2020-04-04",83,10.5,410
590,56417,"2020-04-08",76,4.5,411
590,56417,"2020-04-17",88,13.5,411
622,56419,"2020-04-08",80,4.5,413
622,56419,"2020-04-10",79,6.5,413
622,56419,"2020-04-12",73,8.5,413
622,56419,"2020-04-12",76,8.5,413
639,56422,"2020-04-08",75,4.5,414
639,56422,"2020-04-12",75,8.5,414
639,56422,"2020-04-20",78,16.5,414
665,56416,"2020-04-13",77,9.5,415
666,56420,"2020-04-10",82,6.5,416
666,56420,"2020-04-10",85,6.5,416
666,56420,"2020-04-12",87,8.5,416
666,56420,"2020-05-03",81,29.5,416
709,56418,"2020-04-10",81,6.5,417
709,56418,"2020-04-11",75,7.5,417
709,56418,"2020-04-19",85,15.5,417
712,56425,"2020-05-01",75,8.5,418
712,56425,"2020-05-02",79,9.5,418
713,56426,"2020-05-06",91,13.5,419
774,56423,"2020-04-29",83,6.5,420
801,56427,"2020-04-29",69,6.5,421
872,56421,"2020-04-28",83,5.5,423
872,56421,"2020-04-28",81,5.5,423
415,56554,"2021-03-30",63,11.5,424
415,56554,"2021-04-10",78,22.5,424
418,56553,"2021-04-01",70,13.5,425
418,56553,"2021-04-20",80,32.5,425
421,56555,"2021-04-19",78,31.5,426
443,56546,"2021-04-03",82,23.5,427
487,56552,"2021-04-08",82,20.5,428
508,56550,"2021-03-25",66,6.5,429
508,56550,"2021-03-28",80,9.5,429
508,56550,"2021-03-30",74,11.5,429
508,56551,"2021-04-01",78,13.5,429
508,56550,"2021-04-03",79,15.5,429
508,56550,"2021-04-16",81,28.5,429
510,56548,"2021-03-30",69,11.5,430
510,56548,"2021-03-30",75,11.5,430
510,56544,"2021-04-01",78,13.5,430
510,56548,"2021-04-01",74,13.5,430
510,56548,"2021-04-03",74,15.5,430
510,56544,"2021-04-04",79,16.5,430
524,56545,"2021-04-01",78,13.5,431
524,56545,"2021-04-01",68,13.5,431
524,56545,"2021-04-14",92,26.5,431
542,56547,"2021-03-28",81,9.5,432
542,56547,"2021-03-30",79,11.5,432
542,56547,"2021-04-01",80,13.5,432
542,56547,"2021-04-01",74,13.5,432
542,56547,"2021-04-08",80,20.5,432
542,56549,"2021-04-16",85,28.5,432
464,56567,"2021-04-16",71,7.5,437
464,56567,"2021-04-17",72,8.5,437
464,56567,"2021-04-18",76,9.5,437
464,56567,"2021-05-01",88,22.5,437
564,56564,"2021-04-16",76,7.5,439
564,56564,"2021-04-18",74,9.5,439
564,56564,"2021-04-20",81,11.5,439
592,56565,"2021-04-15",74,6.5,440
592,56565,"2021-04-16",76,7.5,440
592,56565,"2021-04-19",73,10.5,440
592,56565,"2021-04-20",83,11.5,440
592,56565,"2021-04-20",79,11.5,440
592,56565,"2021-04-20",77,11.5,440
679,56563,"2021-04-16",80,7.5,441
679,56563,"2021-04-18",81,9.5,441
679,56563,"2021-04-19",83,10.5,441
679,56563,"2021-04-19",79,10.5,441
691,56558,"2021-04-16",86,7.5,442
691,56560,"2021-04-16",76,7.5,442
691,56558,"2021-04-17",80,8.5,442
691,56560,"2021-04-17",82,8.5,442
691,56558,"2021-04-18",83,9.5,442
691,56560,"2021-04-18",87,9.5,442
691,56558,"2021-04-19",81,10.5,442
691,56560,"2021-04-19",86,10.5,442
691,56560,"2021-04-20",82,11.5,442
691,56558,"2021-04-25",90,16.5,442
726,56559,"2021-04-19",88,10.5,443
726,56559,"2021-04-20",76,11.5,443
730,56561,"2021-04-16",85,7.5,444
730,56561,"2021-04-16",79,7.5,444
730,56561,"2021-04-16",74,7.5,444
730,56561,"2021-04-18",80,9.5,444
730,56561,"2021-04-20",80,11.5,444
730,56561,"2021-04-23",77,14.5,444
735,56557,"2021-04-16",83,7.5,445
735,56557,"2021-04-17",75,8.5,445
735,56557,"2021-04-18",84,9.5,445
735,56557,"2021-04-18",82,9.5,445
765,56562,"2021-04-16",85,7.5,446
765,56562,"2021-04-16",83,7.5,446
765,56562,"2021-04-16",78,7.5,446
821,56556,"2021-04-16",85,7.5,447
821,56556,"2021-04-16",90,7.5,447
821,56556,"2021-04-16",88,7.5,447
821,56556,"2021-04-17",82,8.5,447
821,56556,"2021-04-17",78,8.5,447
821,56556,"2021-04-17",84,8.5,447
821,56556,"2021-04-18",90,9.5,447
821,56556,"2021-04-19",83,10.5,447
821,56556,"2021-04-20",82,11.5,447
821,56556,"2021-04-20",77,11.5,447
821,56556,"2021-04-22",74,13.5,447
389,56692,"2023-04-07",79,8.5,478
389,56692,"2023-04-15",76,16.5,478
389,56692,"2023-04-20",82,21.5,478
390,56693,"2023-04-16",84,17.5,479
390,56693,"2023-04-20",78,21.5,479
393,56695,"2023-04-02",64,3.5,480
393,56695,"2023-04-15",74,16.5,480
394,56694,"2023-04-08",72,9.5,481
394,56694,"2023-04-08",74,9.5,481
394,56694,"2023-04-15",76,16.5,481
371,56704,"2023-04-29",84,4.5,483
376,56707,"2023-05-01",81,5.5,488
391,56716,"2023-05-14",82,18.5,500
516,50076,"2024-03-25",74,3.5,503
516,50076,"2024-03-26",71,4.5,503
516,50076,"2024-03-26",72,4.5,503
516,50076,"2024-03-26",76,4.5,503
516,50076,"2024-03-28",73,6.5,503
516,50076,"2024-03-28",87,6.5,503
516,50076,"2024-03-30",84,8.5,503
516,50076,"2024-03-31",69,9.5,503
516,50076,"2024-03-31",77,9.5,503
516,50076,"2024-03-31",82,9.5,503
516,50076,"2024-04-02",67,11.5,503
516,50076,"2024-04-04",87,13.5,503
516,50076,"2024-04-04",89,13.5,503
516,50076,"2024-04-19",72,28.5,503
522,50077,"2024-03-26",70,4.5,504
522,50077,"2024-03-27",78,5.5,504
522,50077,"2024-03-27",90,5.5,504
522,50077,"2024-03-28",78,6.5,504
522,50077,"2024-03-28",71,6.5,504
522,50077,"2024-03-28",80,6.5,504
522,50077,"2024-03-29",73,7.5,504
522,50077,"2024-03-30",72,8.5,504
522,50077,"2024-03-31",85,9.5,504
522,50077,"2024-03-31",84,9.5,504
522,50077,"2024-03-31",72,9.5,504
522,50077,"2024-03-31",77,9.5,504
522,50077,"2024-04-01",74,10.5,504
522,50077,"2024-04-01",79,10.5,504
522,50077,"2024-04-01",80,10.5,504
522,50077,"2024-04-01",71,10.5,504
522,50077,"2024-04-04",75,13.5,504
522,50077,"2024-04-05",80,14.5,504
522,50077,"2024-04-05",73,14.5,504
551,50082,"2024-04-01",86,4.5,505
551,50082,"2024-04-04",82,7.5,505
551,50082,"2024-04-10",77,13.5,505
551,50082,"2024-04-11",83,14.5,505
551,50082,"2024-04-12",87,15.5,505
551,50082,"2024-04-16",83,19.5,505
551,50082,"2024-04-20",75,23.5,505
551,50082,"2024-05-24",94,57.5,505
579,50075,"2024-03-25",80,3.5,506
579,50075,"2024-03-25",79,3.5,506
579,50075,"2024-03-28",83,6.5,506
579,50075,"2024-03-28",61,6.5,506
579,50075,"2024-03-30",64,8.5,506
579,50075,"2024-03-30",74,8.5,506
579,50075,"2024-03-30",70,8.5,506
579,50075,"2024-04-01",83,10.5,506
579,50075,"2024-04-07",83,16.5,506
579,50075,"2024-04-07",75,16.5,506
579,50075,"2024-04-08",NA,17.5,506
579,50075,"2024-04-18",79,27.5,506
579,50075,"2024-04-19",88,28.5,506
595,50078,"2024-03-28",68,6.5,507
595,50078,"2024-03-28",79,6.5,507
595,50078,"2024-03-30",75,8.5,507
595,50078,"2024-03-30",77,8.5,507
595,50078,"2024-03-30",85,8.5,507
595,50078,"2024-03-31",71,9.5,507
595,50078,"2024-04-02",75,11.5,507
595,50078,"2024-04-05",80,14.5,507
595,50078,"2024-04-05",77,14.5,507
595,50078,"2024-04-11",88,20.5,507
595,50078,"2024-04-18",80,27.5,507
595,50078,"2024-04-18",84,27.5,507
614,50081,"2024-03-29",72,1.5,508
614,50081,"2024-03-30",72,2.5,508
614,50081,"2024-03-30",73,2.5,508
614,50081,"2024-03-31",76,3.5,508
614,50081,"2024-03-31",84,3.5,508
614,50081,"2024-04-01",77,4.5,508
614,50081,"2024-04-01",94,4.5,508
614,50081,"2024-04-02",80,5.5,508
614,50081,"2024-04-02",77,5.5,508
614,50081,"2024-04-11",75,14.5,508
614,50081,"2024-04-16",88,19.5,508
657,50071,"2024-03-28",68,6.5,509
657,50071,"2024-03-28",89,6.5,509
657,50071,"2024-03-29",NA,7.5,509
657,50071,"2024-03-30",80,8.5,509
657,50071,"2024-03-30",65,8.5,509
657,50071,"2024-04-02",71,11.5,509
657,50071,"2024-04-22",79,31.5,509
698,50070,"2024-03-23",108,1.5,510
698,50070,"2024-03-28",77,6.5,510
698,50070,"2024-03-29",74,7.5,510
698,50070,"2024-03-29",73,7.5,510
698,50070,"2024-03-30",78,8.5,510
698,50070,"2024-03-31",85,9.5,510
698,50070,"2024-03-31",76,9.5,510
698,50070,"2024-04-02",74,11.5,510
698,50070,"2024-04-16",82,25.5,510
699,50080,"2024-03-31",78,3.5,511
699,50080,"2024-04-01",71,4.5,511
699,50080,"2024-04-02",69,5.5,511
699,50080,"2024-04-02",85,5.5,511
699,50080,"2024-04-03",80,6.5,511
699,50080,"2024-04-03",77,6.5,511
699,50080,"2024-04-03",82,6.5,511
699,50080,"2024-04-04",85,7.5,511
699,50080,"2024-04-04",76,7.5,511
699,50080,"2024-04-06",75,9.5,511
699,50080,"2024-04-07",77,10.5,511
699,50080,"2024-04-09",78,12.5,511
699,50080,"2024-04-12",77,15.5,511
699,50080,"2024-04-12",84,15.5,511
719,50074,"2024-03-26",75,4.5,512
719,50074,"2024-03-27",76,5.5,512
719,50074,"2024-03-27",73,5.5,512
719,50074,"2024-03-28",73,6.5,512
719,50074,"2024-03-28",77,6.5,512
719,50074,"2024-03-30",74,8.5,512
719,50074,"2024-03-30",73,8.5,512
719,50074,"2024-04-01",67,10.5,512
719,50074,"2024-04-01",92,10.5,512
719,50074,"2024-04-01",81,10.5,512
719,50074,"2024-04-02",73,11.5,512
719,50074,"2024-04-02",78,11.5,512
736,50072,"2024-03-27",74,5.5,513
736,50072,"2024-03-28",81,6.5,513
736,50072,"2024-03-29",81,7.5,513
736,50072,"2024-03-31",79,9.5,513
736,50072,"2024-04-02",82,11.5,513
736,50072,"2024-04-02",81,11.5,513
736,50072,"2024-04-03",88,12.5,513
763,50079,"2024-04-01",73,4.5,514
763,50079,"2024-04-01",76,4.5,514
763,50079,"2024-04-02",74,5.5,514
763,50079,"2024-04-02",81,5.5,514
763,50079,"2024-04-02",75,5.5,514
763,50079,"2024-04-03",75,6.5,514
763,50079,"2024-04-03",76,6.5,514
763,50079,"2024-04-03",80,6.5,514
763,50079,"2024-04-03",83,6.5,514
763,50079,"2024-04-04",78,7.5,514
763,50079,"2024-04-04",86,7.5,514
763,50079,"2024-04-04",64,7.5,514
763,50079,"2024-04-04",79,7.5,514
763,50079,"2024-04-05",80,8.5,514
763,50079,"2024-04-05",78,8.5,514
763,50079,"2024-04-06",72,9.5,514
763,50079,"2024-04-06",84,9.5,514
763,50079,"2024-04-08",80,11.5,514
763,50079,"2024-04-09",76,12.5,514
763,50079,"2024-04-10",76,13.5,514
763,50079,"2024-04-11",86,14.5,514
763,50079,"2024-04-16",83,19.5,514
763,50079,"2024-04-16",79,19.5,514
503,50089,"2024-04-18",76,5.5,515
503,50089,"2024-04-18",86,5.5,515
503,50089,"2024-04-18",82,5.5,515
503,50089,"2024-04-19",80,6.5,515
503,50089,"2024-04-19",86,6.5,515
503,50089,"2024-04-20",81,7.5,515
503,50089,"2024-04-30",89,17.5,515
629,50088,"2024-04-16",77,3.5,516
629,50088,"2024-04-18",76,5.5,516
629,50088,"2024-04-18",80,5.5,516
629,50088,"2024-04-19",85,6.5,516
629,50088,"2024-04-20",78,7.5,516
629,50088,"2024-04-24",NA,11.5,516
629,50088,"2024-04-30",84,17.5,516
676,50087,"2024-04-18",81,5.5,517
676,50087,"2024-04-18",78,5.5,517
676,50087,"2024-04-18",79,5.5,517
676,50087,"2024-04-19",85,6.5,517
676,50087,"2024-04-19",77,6.5,517
676,50087,"2024-04-20",76,7.5,517
767,50085,"2024-04-16",86,3.5,518
767,50085,"2024-04-16",80,3.5,518
767,50085,"2024-04-18",69,5.5,518
767,50085,"2024-04-18",89,5.5,518
767,50085,"2024-04-18",79,5.5,518
767,50085,"2024-04-19",77,6.5,518
767,50085,"2024-04-20",78,7.5,518
767,50085,"2024-04-20",NA,7.5,518
767,50085,"2024-04-22",80,9.5,518
807,50086,"2024-04-18",78,5.5,519
807,50086,"2024-04-20",81,7.5,519
807,50086,"2024-04-20",68,7.5,519
807,50086,"2024-04-20",83,7.5,519
807,50086,"2024-04-23",84,10.5,519
807,50086,"2024-04-23",80,10.5,519
807,50086,"2024-04-24",80,11.5,519
807,50086,"2024-05-24",65,41.5,519
861,50083,"2024-04-16",80,3.5,520
861,50083,"2024-04-22",83,9.5,520
861,50083,"2024-04-22",84,9.5,520
861,50083,"2024-04-24",75,11.5,520
881,50084,"2024-04-16",81,3.5,521
881,50084,"2024-04-16",77,3.5,521
881,50084,"2024-04-16",80,3.5,521
881,50084,"2024-04-18",81,5.5,521
881,50084,"2024-04-18",77,5.5,521
881,50084,"2024-04-19",76,6.5,521
881,50084,"2024-04-19",90,6.5,521
